mart,mart_code,sale_date,lot,auction_id,breed,sex,age_months,weight,price,price_per_kg,icbf_stars,status,scraped_date,val_code
LSL Auctions,M262,2026-03-27,10,406274,CHX,F,107.9,785.0,2820.0,3.5924,4.0,Lot Sold,2026-03-27,M262-406274
LSL Auctions,M262,2026-03-27,11,406477,LMX,F,133.8,775.0,2550.0,3.2903,4.0,Lot Sold,2026-03-27,M262-406477
LSL Auctions,M262,2026-03-27,25,406392,FR,F,86.3,680.0,1780.0,2.6176,4.0,Lot Sold,2026-03-27,M262-406392
LSL Auctions,M262,2026-03-27,26,406393,FR,F,62.1,770.0,2120.0,2.7532,4.0,Lot Sold,2026-03-27,M262-406393
LSL Auctions,M262,2026-03-27,27,406394,FR,F,74.1,550.0,1360.0,2.4727,4.0,Lot Sold,2026-03-27,M262-406394
LSL Auctions,M262,2026-03-27,28,406396,FR,F,108.8,630.0,1360.0,2.1587,4.0,Lot Sold,2026-03-27,M262-406396
LSL Auctions,M262,2026-03-27,29,406276,FR,F,49.6,695.0,1950.0,2.8058,4.0,Lot Sold,2026-03-27,M262-406276
LSL Auctions,M262,2026-03-27,30,406277,FR,F,37.0,630.0,1770.0,2.8095,4.0,Lot Sold,2026-03-27,M262-406277
LSL Auctions,M262,2026-03-27,31,406437,LMX,F,70.3,605.0,1970.0,3.2562,4.0,Lot Sold,2026-03-27,M262-406437
LSL Auctions,M262,2026-03-27,32,406438,LMX,F,141.9,580.0,1980.0,3.4138,4.0,Lot Sold,2026-03-27,M262-406438
LSL Auctions,M262,2026-03-27,35,406349,FRX,F,59.8,535.0,1460.0,2.729,4.0,Lot Sold,2026-03-27,M262-406349
LSL Auctions,M262,2026-03-27,36,406350,FR,F,45.5,535.0,1460.0,2.729,4.0,Lot Sold,2026-03-27,M262-406350
LSL Auctions,M262,2026-03-27,37,406351,FR,F,58.7,560.0,1510.0,2.6964,4.0,Lot Sold,2026-03-27,M262-406351
LSL Auctions,M262,2026-03-27,38,406352,FR,F,131.9,525.0,1180.0,2.2476,4.0,Lot Sold,2026-03-27,M262-406352
LSL Auctions,M262,2026-03-27,39,406331,FR,F,73.6,640.0,1700.0,2.6562,4.0,Lot Sold,2026-03-27,M262-406331
LSL Auctions,M262,2026-03-27,40,406332,FRX,F,97.8,640.0,1840.0,2.875,4.0,Lot Sold,2026-03-27,M262-406332
LSL Auctions,M262,2026-03-27,41,406333,FR,F,121.4,570.0,1460.0,2.5614,4.0,Lot Sold,2026-03-27,M262-406333
LSL Auctions,M262,2026-03-27,42,406397,FR,F,144.1,695.0,1900.0,2.7338,4.0,Lot Sold,2026-03-27,M262-406397
LSL Auctions,M262,2026-03-27,43,406398,FR,F,85.2,625.0,1750.0,2.8,4.0,Lot Sold,2026-03-27,M262-406398
LSL Auctions,M262,2026-03-27,44,406399,FR,F,38.0,460.0,1350.0,2.9348,4.0,Lot Sold,2026-03-27,M262-406399
LSL Auctions,M262,2026-03-27,45,406329,FR,F,62.5,720.0,2080.0,2.8889,4.0,Lot Sold,2026-03-27,M262-406329
LSL Auctions,M262,2026-03-27,46,406330,FR,F,38.8,535.0,1010.0,1.8879,4.0,Lot Sold,2026-03-27,M262-406330
LSL Auctions,M262,2026-03-27,47,406345,FR,F,48.9,545.0,1590.0,2.9174,4.0,Lot Sold,2026-03-27,M262-406345
LSL Auctions,M262,2026-03-27,48,406346,FR,F,131.6,640.0,1550.0,2.4219,4.0,Lot Sold,2026-03-27,M262-406346
LSL Auctions,M262,2026-03-27,49,406347,FRX,F,85.9,650.0,1780.0,2.7385,4.0,Lot Sold,2026-03-27,M262-406347
LSL Auctions,M262,2026-03-27,50,406348,FR,F,98.2,645.0,1540.0,2.3876,4.0,Lot Sold,2026-03-27,M262-406348
LSL Auctions,M262,2026-03-27,51,406395,FR,F,25.3,470.0,1500.0,3.1915,4.0,Lot Sold,2026-03-27,M262-406395
LSL Auctions,M262,2026-03-27,53,406420,FRX,F,98.1,580.0,1570.0,2.7069,4.0,Lot Sold,2026-03-27,M262-406420
LSL Auctions,M262,2026-03-27,54,406493,FR,F,84.8,585.0,1480.0,2.5299,4.0,Lot Sold,2026-03-27,M262-406493
LSL Auctions,M262,2026-03-27,55,406494,FR,F,97.3,640.0,1760.0,2.75,4.0,Lot Sold,2026-03-27,M262-406494
LSL Auctions,M262,2026-03-27,56,406495,FR,F,61.3,610.0,1460.0,2.3934,4.0,Lot Sold,2026-03-27,M262-406495
LSL Auctions,M262,2026-03-27,57,406496,AAX,F,26.1,525.0,1750.0,3.3333,4.0,Lot Sold,2026-03-27,M262-406496
LSL Auctions,M262,2026-03-27,58,406497,FR,F,97.8,550.0,1530.0,2.7818,4.0,Lot Sold,2026-03-27,M262-406497
LSL Auctions,M262,2026-03-27,59,406334,FR,F,108.4,640.0,1610.0,2.5156,4.0,Lot Sold,2026-03-27,M262-406334
LSL Auctions,M262,2026-03-27,60,406335,FR,F,121.2,710.0,1860.0,2.6197,4.0,Lot Sold,2026-03-27,M262-406335
LSL Auctions,M262,2026-03-27,61,406336,FR,F,169.7,680.0,1840.0,2.7059,4.0,Lot Sold,2026-03-27,M262-406336
LSL Auctions,M262,2026-03-27,62,406337,FR,F,133.2,720.0,1940.0,2.6944,4.0,Lot Sold,2026-03-27,M262-406337
LSL Auctions,M262,2026-03-27,63,406338,FR,F,144.8,750.0,1980.0,2.64,4.0,Lot Sold,2026-03-27,M262-406338
LSL Auctions,M262,2026-03-27,64,406339,FR,F,121.5,700.0,1930.0,2.7571,4.0,Lot Sold,2026-03-27,M262-406339
LSL Auctions,M262,2026-03-27,66,406341,FR,F,133.3,695.0,1740.0,2.5036,4.0,Lot Sold,2026-03-27,M262-406341
LSL Auctions,M262,2026-03-27,67,406342,FR,F,146.0,715.0,1990.0,2.7832,4.0,Lot Sold,2026-03-27,M262-406342
LSL Auctions,M262,2026-03-27,68,406343,FR,F,36.7,445.0,1210.0,2.7191,4.0,Lot Sold,2026-03-27,M262-406343
LSL Auctions,M262,2026-03-27,69,406344,FR,F,74.2,700.0,1760.0,2.5143,4.0,Lot Sold,2026-03-27,M262-406344
LSL Auctions,M262,2026-03-27,70,406278,LMX,F,45.2,710.0,2360.0,3.3239,4.0,Lot Sold,2026-03-27,M262-406278
LSL Auctions,M262,2026-03-27,71,406279,CHX,F,60.6,710.0,2370.0,3.338,4.0,Lot Sold,2026-03-27,M262-406279
LSL Auctions,M262,2026-03-27,72,406280,SPX,F,49.5,670.0,2420.0,3.6119,4.0,Lot Sold,2026-03-27,M262-406280
LSL Auctions,M262,2026-03-27,73,406281,SPX,F,49.5,620.0,2170.0,3.5,4.0,Lot Sold,2026-03-27,M262-406281
LSL Auctions,M262,2026-03-27,74,406282,HEX,F,166.7,710.0,2200.0,3.0986,4.0,Lot Sold,2026-03-27,M262-406282
LSL Auctions,M262,2026-03-27,75,406283,CHX,F,34.4,545.0,2140.0,3.9266,4.0,Lot Sold,2026-03-27,M262-406283
LSL Auctions,M262,2026-03-27,76,406284,FRX,F,37.2,550.0,1580.0,2.8727,4.0,Lot Sold,2026-03-27,M262-406284
LSL Auctions,M262,2026-03-27,77,406285,FR,F,38.2,570.0,1640.0,2.8772,4.0,Lot Sold,2026-03-27,M262-406285
LSL Auctions,M262,2026-03-27,78,406286,FR,F,38.0,620.0,1740.0,2.8065,4.0,Lot Sold,2026-03-27,M262-406286
LSL Auctions,M262,2026-03-27,79,406287,FRX,F,50.8,605.0,1640.0,2.7107,4.0,Lot Sold,2026-03-27,M262-406287
LSL Auctions,M262,2026-03-27,80,406288,CHX,F,131.4,760.0,2600.0,3.4211,4.0,Lot Sold,2026-03-27,M262-406288
LSL Auctions,M262,2026-03-27,81,406289,SAX,F,60.2,655.0,2040.0,3.1145,4.0,Lot Sold,2026-03-27,M262-406289
LSL Auctions,M262,2026-03-27,82,406416,FR,F,97.1,705.0,1860.0,2.6383,4.0,Lot Sold,2026-03-27,M262-406416
LSL Auctions,M262,2026-03-27,83,406417,FR,F,143.2,685.0,1500.0,2.1898,4.0,Lot Sold,2026-03-27,M262-406417
LSL Auctions,M262,2026-03-27,84,406419,SHX,F,61.4,525.0,1400.0,2.6667,4.0,Lot Sold,2026-03-27,M262-406419
LSL Auctions,M262,2026-03-27,85,406418,FR,F,49.4,720.0,1920.0,2.6667,4.0,Lot Sold,2026-03-27,M262-406418
LSL Auctions,M262,2026-03-27,86,406498,HEX,F,73.6,765.0,2370.0,3.098,4.0,Lot Sold,2026-03-27,M262-406498
LSL Auctions,M262,2026-03-27,87,406499,HEX,F,97.9,545.0,1670.0,3.0642,4.0,Lot Sold,2026-03-27,M262-406499
LSL Auctions,M262,2026-03-27,88,406307,FRX,F,85.2,660.0,1520.0,2.303,4.0,Lot Sold,2026-03-27,M262-406307
LSL Auctions,M262,2026-03-27,89,406308,FRX,F,73.0,575.0,1400.0,2.4348,4.0,Lot Sold,2026-03-27,M262-406308
LSL Auctions,M262,2026-03-27,90,406309,FR,F,133.3,680.0,1960.0,2.8824,4.0,Lot Sold,2026-03-27,M262-406309
LSL Auctions,M262,2026-03-27,91,406310,FRX,F,109.1,790.0,2170.0,2.7468,4.0,Lot Sold,2026-03-27,M262-406310
LSL Auctions,M262,2026-03-27,92,406439,FRX,F,97.4,430.0,100.0,0.2326,4.0,Lot Sold,2026-03-27,M262-406439
LSL Auctions,M262,2026-03-27,93,406440,FRX,F,97.3,560.0,1400.0,2.5,4.0,Lot Sold,2026-03-27,M262-406440
LSL Auctions,M262,2026-03-27,94,406400,FRX,F,36.5,515.0,1040.0,2.0194,4.0,Lot Sold,2026-03-27,M262-406400
LSL Auctions,M262,2026-03-27,95,406401,FR,F,49.8,555.0,1550.0,2.7928,4.0,Lot Sold,2026-03-27,M262-406401
LSL Auctions,M262,2026-03-27,96,406402,FR,F,61.6,470.0,1330.0,2.8298,4.0,Lot Sold,2026-03-27,M262-406402
LSL Auctions,M262,2026-03-27,97,406403,LM,F,52.4,700.0,2540.0,3.6286,4.0,Lot Sold,2026-03-27,M262-406403
LSL Auctions,M262,2026-03-27,98,406441,FR,F,26.0,628.0,2030.0,3.2325,4.0,Lot Sold,2026-03-27,M262-406441
LSL Auctions,M262,2026-03-27,99,406442,FR,F,26.3,628.0,2030.0,3.2325,4.0,Lot Sold,2026-03-27,M262-406442
LSL Auctions,M262,2026-03-27,100,406443,FR,F,26.2,628.0,2030.0,3.2325,4.0,Lot Sold,2026-03-27,M262-406443
LSL Auctions,M262,2026-03-27,101,406444,FR,F,26.2,628.0,2030.0,3.2325,4.0,Lot Sold,2026-03-27,M262-406444
LSL Auctions,M262,2026-03-27,102,406445,FR,F,25.9,628.0,2030.0,3.2325,4.0,Lot Sold,2026-03-27,M262-406445
LSL Auctions,M262,2026-03-27,104,406311,FR,F,25.7,575.0,1870.0,3.2522,4.0,Lot Sold,2026-03-27,M262-406311
LSL Auctions,M262,2026-03-27,106,406312,FR,F,122.0,775.0,2010.0,2.5935,4.0,Lot Sold,2026-03-27,M262-406312
LSL Auctions,M262,2026-03-27,107,406313,FR,F,98.2,670.0,1800.0,2.6866,4.0,Lot Sold,2026-03-27,M262-406313
LSL Auctions,M262,2026-03-27,108,406314,FR,F,49.4,675.0,1870.0,2.7704,4.0,Lot Sold,2026-03-27,M262-406314
LSL Auctions,M262,2026-03-27,109,406315,FR,F,109.8,680.0,1810.0,2.6618,4.0,Lot Sold,2026-03-27,M262-406315
LSL Auctions,M262,2026-03-27,110,406316,FR,F,98.0,700.0,1840.0,2.6286,4.0,Lot Sold,2026-03-27,M262-406316
LSL Auctions,M262,2026-03-27,111,406317,FR,F,37.7,725.0,2010.0,2.7724,4.0,Lot Sold,2026-03-27,M262-406317
LSL Auctions,M262,2026-03-27,112,406318,FR,F,97.2,725.0,2010.0,2.7724,4.0,Lot Sold,2026-03-27,M262-406318
LSL Auctions,M262,2026-03-27,113,406319,FR,F,121.4,625.0,1620.0,2.592,4.0,Lot Sold,2026-03-27,M262-406319
LSL Auctions,M262,2026-03-27,114,406320,FR,F,50.3,625.0,1620.0,2.592,4.0,Lot Sold,2026-03-27,M262-406320
LSL Auctions,M262,2026-03-27,115,406321,FR,F,50.0,625.0,1620.0,2.592,4.0,Lot Sold,2026-03-27,M262-406321
LSL Auctions,M262,2026-03-27,116,406322,FR,F,121.4,700.0,1840.0,2.6286,4.0,Lot Sold,2026-03-27,M262-406322
LSL Auctions,M262,2026-03-27,117,406290,FR,F,37.4,565.0,1610.0,2.8496,4.0,Lot Sold,2026-03-27,M262-406290
LSL Auctions,M262,2026-03-27,118,406291,FR,F,62.0,630.0,1800.0,2.8571,4.0,Lot Sold,2026-03-27,M262-406291
LSL Auctions,M262,2026-03-27,119,406292,FR,F,110.0,701.25,1880.0,2.6809,4.0,Lot Sold,2026-03-27,M262-406292
LSL Auctions,M262,2026-03-27,120,406293,FR,F,134.0,705.0,1930.0,2.7376,4.0,Lot Sold,2026-03-27,M262-406293
LSL Auctions,M262,2026-03-27,121,406294,FR,F,145.6,701.25,1880.0,2.6809,4.0,Lot Sold,2026-03-27,M262-406294
LSL Auctions,M262,2026-03-27,122,406295,FR,F,98.0,705.0,1930.0,2.7376,4.0,Lot Sold,2026-03-27,M262-406295
LSL Auctions,M262,2026-03-27,123,406296,FR,F,61.8,701.25,1880.0,2.6809,4.0,Lot Sold,2026-03-27,M262-406296
LSL Auctions,M262,2026-03-27,124,406297,FR,F,38.0,570.0,1470.0,2.5789,4.0,Lot Sold,2026-03-27,M262-406297
LSL Auctions,M262,2026-03-27,125,406298,FR,F,74.1,701.25,1880.0,2.6809,4.0,Lot Sold,2026-03-27,M262-406298
LSL Auctions,M262,2026-03-27,126,406299,FR,F,50.2,620.0,1640.0,2.6452,4.0,Lot Sold,2026-03-27,M262-406299
LSL Auctions,M262,2026-03-27,127,406300,FR,F,61.7,655.0,1800.0,2.7481,4.0,Lot Sold,2026-03-27,M262-406300
LSL Auctions,M262,2026-03-27,128,406301,FR,F,26.4,595.0,1770.0,2.9748,4.0,Lot Sold,2026-03-27,M262-406301
LSL Auctions,M262,2026-03-27,129,406302,FR,F,61.9,680.0,1740.0,2.5588,4.0,Lot Sold,2026-03-27,M262-406302
LSL Auctions,M262,2026-03-27,130,406303,FR,F,134.1,655.0,1800.0,2.7481,4.0,Lot Sold,2026-03-27,M262-406303
LSL Auctions,M262,2026-03-27,131,406304,FR,F,133.9,680.0,1740.0,2.5588,4.0,Lot Sold,2026-03-27,M262-406304
LSL Auctions,M262,2026-03-27,132,406305,FR,F,122.2,620.0,1640.0,2.6452,4.0,Lot Sold,2026-03-27,M262-406305
LSL Auctions,M262,2026-03-27,133,406306,FR,F,38.0,580.0,1690.0,2.9138,4.0,Lot Sold,2026-03-27,M262-406306
LSL Auctions,M262,2026-03-27,134,406323,AAX,F,23.3,600.0,2150.0,3.5833,4.0,Lot Sold,2026-03-27,M262-406323
LSL Auctions,M262,2026-03-27,135,406324,FR,F,122.0,728.33,1980.0,2.7185,4.0,Lot Sold,2026-03-27,M262-406324
LSL Auctions,M262,2026-03-27,136,406325,FR,F,74.1,728.33,1980.0,2.7185,4.0,Lot Sold,2026-03-27,M262-406325
LSL Auctions,M262,2026-03-27,137,406326,FR,F,108.7,728.33,1980.0,2.7185,4.0,Lot Sold,2026-03-27,M262-406326
LSL Auctions,M262,2026-03-27,139,406354,SIX,F,60.5,780.0,2100.0,2.6923,4.0,Lot Sold,2026-03-27,M262-406354
LSL Auctions,M262,2026-03-27,141,406356,FR,F,49.7,640.0,1810.0,2.8281,4.0,Lot Sold,2026-03-27,M262-406356
LSL Auctions,M262,2026-03-27,142,406357,FR,F,50.0,620.0,1390.0,2.2419,4.0,Lot Sold,2026-03-27,M262-406357
LSL Auctions,M262,2026-03-27,143,406358,FR,F,109.7,662.5,1740.0,2.6264,4.0,Lot Sold,2026-03-27,M262-406358
LSL Auctions,M262,2026-03-27,145,406360,FR,F,120.7,662.5,1740.0,2.6264,4.0,Lot Sold,2026-03-27,M262-406360
LSL Auctions,M262,2026-03-27,147,406362,FR,F,50.1,625.0,1580.0,2.528,4.0,Lot Sold,2026-03-27,M262-406362
LSL Auctions,CORRIN,2026-03-27,1,5339607,,,,510.0,2320.0,4.549,,Lot Sold,2026-03-27,CORRIN-5339607
LSL Auctions,CORRIN,2026-03-27,2,5339659,,,,570.0,1740.0,3.0526,,Lot Sold,2026-03-27,CORRIN-5339659
LSL Auctions,CORRIN,2026-03-27,3,5339664,,,,450.0,2120.0,4.7111,,Lot Sold,2026-03-27,CORRIN-5339664
LSL Auctions,CORRIN,2026-03-27,4,5339671,,,,445.0,1920.0,4.3146,,Lot Sold,2026-03-27,CORRIN-5339671
LSL Auctions,CORRIN,2026-03-27,5,5339677,,,,615.0,1900.0,3.0894,,Lot Sold,2026-03-27,CORRIN-5339677
LSL Auctions,CORRIN,2026-03-27,6,5339684,,,,425.0,2040.0,4.8,,Lot Sold,2026-03-27,CORRIN-5339684
LSL Auctions,CORRIN,2026-03-27,7,5339689,,,,545.0,1900.0,3.4862,,Lot Sold,2026-03-27,CORRIN-5339689
LSL Auctions,CORRIN,2026-03-27,8,5339694,,,,570.0,1400.0,2.4561,,Lot Sold,2026-03-27,CORRIN-5339694
LSL Auctions,CORRIN,2026-03-27,9,5339700,,,,550.0,2380.0,4.3273,,Lot Sold,2026-03-27,CORRIN-5339700
LSL Auctions,CORRIN,2026-03-27,10,5339706,,,,545.0,2000.0,3.6697,,Lot Sold,2026-03-27,CORRIN-5339706
LSL Auctions,CORRIN,2026-03-27,11,5339715,,,,605.0,1840.0,3.0413,,Lot Sold,2026-03-27,CORRIN-5339715
LSL Auctions,CORRIN,2026-03-27,12,5339721,,,,470.0,2300.0,4.8936,,Lot Sold,2026-03-27,CORRIN-5339721
LSL Auctions,CORRIN,2026-03-27,13,5339727,,,,455.0,2220.0,4.8791,,Lot Sold,2026-03-27,CORRIN-5339727
LSL Auctions,CORRIN,2026-03-27,14,5339732,,,,700.0,1600.0,2.2857,,Lot Sold,2026-03-27,CORRIN-5339732
LSL Auctions,CORRIN,2026-03-27,15,5339736,,,,535.0,2200.0,4.1121,,Lot Sold,2026-03-27,CORRIN-5339736
LSL Auctions,CORRIN,2026-03-27,16,5339742,,,,495.0,2140.0,4.3232,,Lot Sold,2026-03-27,CORRIN-5339742
LSL Auctions,CORRIN,2026-03-27,17,5339747,,,,635.0,1920.0,3.0236,,Lot Sold,2026-03-27,CORRIN-5339747
LSL Auctions,CORRIN,2026-03-27,18A,5339859,,,,465.0,2040.0,4.3871,,Lot Sold,2026-03-27,CORRIN-5339859
LSL Auctions,CORRIN,2026-03-27,19,5339754,,,,460.0,2600.0,5.6522,,Lot Sold,2026-03-27,CORRIN-5339754
LSL Auctions,CORRIN,2026-03-27,20,5339760,,,,495.0,1860.0,3.7576,,Lot Sold,2026-03-27,CORRIN-5339760
LSL Auctions,CORRIN,2026-03-27,22,5339845,,,,460.0,2420.0,5.2609,,Lot Sold,2026-03-27,CORRIN-5339845
LSL Auctions,CORRIN,2026-03-27,22A,5339849,,,,455.0,20.0,0.044,,Lot Sold,2026-03-27,CORRIN-5339849
LSL Auctions,CORRIN,2026-03-27,23,5339855,,,,625.0,2100.0,3.36,,Lot Sold,2026-03-27,CORRIN-5339855
LSL Auctions,CORRIN,2026-03-27,24,5339865,,,,420.0,2340.0,5.5714,,Lot Sold,2026-03-27,CORRIN-5339865
LSL Auctions,CORRIN,2026-03-27,25,5339871,,,,520.0,2600.0,5.0,,Lot Sold,2026-03-27,CORRIN-5339871
LSL Auctions,CORRIN,2026-03-27,27,5339874,,,,455.0,2100.0,4.6154,,Lot Sold,2026-03-27,CORRIN-5339874
LSL Auctions,CORRIN,2026-03-27,28,5339877,,,,495.0,2340.0,4.7273,,Lot Sold,2026-03-27,CORRIN-5339877
LSL Auctions,CORRIN,2026-03-27,29,5339880,,,,615.0,1900.0,3.0894,,Lot Sold,2026-03-27,CORRIN-5339880
LSL Auctions,CORRIN,2026-03-27,30,5339885,,,,525.0,2340.0,4.4571,,Lot Sold,2026-03-27,CORRIN-5339885
LSL Auctions,CORRIN,2026-03-27,31,5339888,,,,460.0,2520.0,5.4783,,Lot Sold,2026-03-27,CORRIN-5339888
LSL Auctions,CORRIN,2026-03-27,33,5339893,,,,470.0,2020.0,4.2979,,Lot Sold,2026-03-27,CORRIN-5339893
LSL Auctions,CORRIN,2026-03-27,34,5339896,,,,500.0,20.0,0.04,,Lot Sold,2026-03-27,CORRIN-5339896
LSL Auctions,CORRIN,2026-03-27,35,5339903,,,,575.0,1960.0,3.4087,,Lot Sold,2026-03-27,CORRIN-5339903
LSL Auctions,CORRIN,2026-03-27,36,5339911,,,,560.0,2780.0,4.9643,,Lot Sold,2026-03-27,CORRIN-5339911
LSL Auctions,CORRIN,2026-03-27,38,5339916,,,,510.0,2020.0,3.9608,,Lot Sold,2026-03-27,CORRIN-5339916
LSL Auctions,CORRIN,2026-03-27,40,5339932,,,,525.0,2220.0,4.2286,,Lot Sold,2026-03-27,CORRIN-5339932
LSL Auctions,CORRIN,2026-03-27,41,5339938,,,,510.0,2260.0,4.4314,,Lot Sold,2026-03-27,CORRIN-5339938
LSL Auctions,CORRIN,2026-03-27,42,5339944,,,,635.0,1860.0,2.9291,,Lot Sold,2026-03-27,CORRIN-5339944
LSL Auctions,CORRIN,2026-03-27,44,5340245,,,,307.0,1240.0,4.0391,,Lot Sold,2026-03-27,CORRIN-5340245
LSL Auctions,CORRIN,2026-03-27,45,5340230,,,,320.0,20.0,0.0625,,Lot Sold,2026-03-27,CORRIN-5340230
LSL Auctions,CORRIN,2026-03-27,46,5340221,,,,342.0,20.0,0.0585,,Lot Sold,2026-03-27,CORRIN-5340221
LSL Auctions,CORRIN,2026-03-27,47,5340214,,,,355.0,20.0,0.0563,,Lot Sold,2026-03-27,CORRIN-5340214
LSL Auctions,CORRIN,2026-03-27,48,5340248,,,,310.0,1200.0,3.871,,Lot Sold,2026-03-27,CORRIN-5340248
LSL Auctions,CORRIN,2026-03-27,49,5340223,,,,342.0,1320.0,3.8596,,Lot Sold,2026-03-27,CORRIN-5340223
LSL Auctions,CORRIN,2026-03-27,51,5340250,,,,310.0,20.0,0.0645,,Lot Sold,2026-03-27,CORRIN-5340250
LSL Auctions,CORRIN,2026-03-27,52,5340215,,,,355.0,1080.0,3.0423,,Lot Sold,2026-03-27,CORRIN-5340215
LSL Auctions,CORRIN,2026-03-27,54,5340232,,,,335.0,1200.0,3.5821,,Lot Sold,2026-03-27,CORRIN-5340232
LSL Auctions,CORRIN,2026-03-27,55,5340274,,,,65.0,20.0,0.3077,,Lot Sold,2026-03-27,CORRIN-5340274
LSL Auctions,CORRIN,2026-03-27,56,5340259,,,,62.0,500.0,8.0645,,Lot Sold,2026-03-27,CORRIN-5340259
LSL Auctions,CORRIN,2026-03-27,61,5340264,,,,72.0,580.0,8.0556,,Lot Sold,2026-03-27,CORRIN-5340264
LSL Auctions,CORRIN,2026-03-27,63,5340253,,,,77.0,540.0,7.013,,Lot Sold,2026-03-27,CORRIN-5340253
LSL Auctions,CORRIN,2026-03-27,65,5340280,,,,57.0,20.0,0.3509,,Lot Sold,2026-03-27,CORRIN-5340280
LSL Auctions,CORRIN,2026-03-27,66,5340281,,,,57.0,540.0,9.4737,,Lot Sold,2026-03-27,CORRIN-5340281
LSL Auctions,CORRIN,2026-03-27,67,5340283,,,,645.0,2060.0,3.1938,,Lot Sold,2026-03-27,CORRIN-5340283
LSL Auctions,CORRIN,2026-03-27,68,5340290,,,,575.0,2100.0,3.6522,,Lot Sold,2026-03-27,CORRIN-5340290
LSL Auctions,CORRIN,2026-03-27,69,5340297,,,,455.0,1880.0,4.1319,,Lot Sold,2026-03-27,CORRIN-5340297
LSL Auctions,CORRIN,2026-03-27,70,5340302,,,,745.0,20.0,0.0268,,Lot Sold,2026-03-27,CORRIN-5340302
LSL Auctions,M162,2026-03-21,1,28474,CHX,M,23.0,500.0,2250.0,4.5,4.0,Lot Sold,2026-03-27,M162-28474
LSL Auctions,M162,2026-03-21,2,28475,LMX,M,24.2,435.0,2220.0,5.1034,4.0,Lot Sold,2026-03-27,M162-28475
LSL Auctions,M162,2026-03-21,3,28476,CHX,M,21.4,470.0,2210.0,4.7021,4.0,Lot Sold,2026-03-27,M162-28476
LSL Auctions,M162,2026-03-21,4,28477,LMX,M,21.6,455.0,2100.0,4.6154,4.0,Lot Sold,2026-03-27,M162-28477
LSL Auctions,M162,2026-03-21,5,28478,CHX,M,25.1,475.0,2060.0,4.3368,4.0,Lot Sold,2026-03-27,M162-28478
LSL Auctions,M162,2026-03-21,6,28479,SHX,M,23.1,475.0,2020.0,4.2526,4.0,Lot Sold,2026-03-27,M162-28479
LSL Auctions,M162,2026-03-21,7,28480,LMX,M,25.1,405.0,1920.0,4.7407,4.0,Lot Sold,2026-03-27,M162-28480
LSL Auctions,M162,2026-03-21,7A,28511,LMX,M,22.8,400.0,1640.0,4.1,4.0,Lot Sold,2026-03-27,M162-28511
LSL Auctions,M162,2026-03-21,8,28481,CHX,M,23.8,445.0,1840.0,4.1348,4.0,Lot Sold,2026-03-27,M162-28481
LSL Auctions,M162,2026-03-21,9,28573,BBX,M,23.4,520.0,2200.0,4.2308,4.0,Lot Sold,2026-03-27,M162-28573
LSL Auctions,M162,2026-03-21,9A,28554,SHX,M,21.9,585.0,2140.0,3.6581,4.0,Lot Sold,2026-03-27,M162-28554
LSL Auctions,M162,2026-03-21,13A,28207,HEX,M,25.9,615.0,2080.0,3.3821,4.0,Lot Sold,2026-03-27,M162-28207
LSL Auctions,M162,2026-03-21,14,28411,FR,M,25.0,565.0,1740.0,3.0796,4.0,Lot Sold,2026-03-27,M162-28411
LSL Auctions,M162,2026-03-21,14A,28415,FR,M,25.7,600.0,1900.0,3.1667,4.0,Lot Sold,2026-03-27,M162-28415
LSL Auctions,M162,2026-03-21,15,28419,NRX,M,25.9,600.0,1950.0,3.25,4.0,Lot Sold,2026-03-27,M162-28419
LSL Auctions,M162,2026-03-21,15A,28420,NRX,M,26.3,600.0,1970.0,3.2833,4.0,Lot Sold,2026-03-27,M162-28420
LSL Auctions,M162,2026-03-21,16,28422,FR,M,26.3,545.0,1700.0,3.1193,4.0,Lot Sold,2026-03-27,M162-28422
LSL Auctions,M162,2026-03-21,17,28424,FR,M,26.4,600.0,1980.0,3.3,4.0,Lot Sold,2026-03-27,M162-28424
LSL Auctions,M162,2026-03-21,18,28426,NRX,M,26.7,605.0,1970.0,3.2562,4.0,Lot Sold,2026-03-27,M162-28426
LSL Auctions,M162,2026-03-21,19,28406,NRX,M,26.8,600.0,1960.0,3.2667,4.0,Lot Sold,2026-03-27,M162-28406
LSL Auctions,M162,2026-03-21,22,28336,HEX,M,22.7,500.0,2200.0,4.4,4.0,Lot Sold,2026-03-27,M162-28336
LSL Auctions,M162,2026-03-21,23,28335,HEX,M,25.1,545.0,2180.0,4.0,4.0,Lot Sold,2026-03-27,M162-28335
LSL Auctions,M162,2026-03-21,26,28338,HEX,M,13.2,316.25,1430.0,4.5217,4.0,Lot Sold,2026-03-27,M162-28338
LSL Auctions,M162,2026-03-21,27,28339,CHX,M,13.1,305.0,1230.0,4.0328,4.0,Lot Sold,2026-03-27,M162-28339
LSL Auctions,M162,2026-03-21,31,28326,SIX,M,21.3,600.0,2490.0,4.15,4.0,Lot Sold,2026-03-27,M162-28326
LSL Auctions,M162,2026-03-21,32,28327,LM,M,21.0,480.0,2360.0,4.9167,4.0,Lot Sold,2026-03-27,M162-28327
LSL Auctions,M162,2026-03-21,33,28328,LMX,M,23.4,510.0,2350.0,4.6078,4.0,Lot Sold,2026-03-27,M162-28328
LSL Auctions,M162,2026-03-21,39,28224,LMX,M,12.8,520.0,2400.0,4.6154,4.0,Lot Sold,2026-03-27,M162-28224
LSL Auctions,M162,2026-03-21,40,28225,CHX,M,13.1,500.0,2350.0,4.7,4.0,Lot Sold,2026-03-27,M162-28225
LSL Auctions,M162,2026-03-21,41,28226,LMX,M,12.7,445.0,2260.0,5.0787,4.0,Lot Sold,2026-03-27,M162-28226
LSL Auctions,M162,2026-03-21,42,28227,LMX,M,13.1,475.0,2200.0,4.6316,4.0,Lot Sold,2026-03-27,M162-28227
LSL Auctions,M162,2026-03-21,43,28263,HEX,M,22.2,485.0,1800.0,3.7113,4.0,Lot Sold,2026-03-27,M162-28263
LSL Auctions,M162,2026-03-21,44,28266,HEX,M,25.2,440.0,1600.0,3.6364,4.0,Lot Sold,2026-03-27,M162-28266
LSL Auctions,M162,2026-03-21,46,28270,HEX,M,25.1,435.0,1580.0,3.6322,4.0,Lot Sold,2026-03-27,M162-28270
LSL Auctions,M162,2026-03-21,48,28280,LMX,M,20.9,423.33,2040.0,4.8189,4.0,Lot Sold,2026-03-27,M162-28280
LSL Auctions,M162,2026-03-21,48A,28281,AAX,M,12.1,407.5,1860.0,4.5644,4.0,Lot Sold,2026-03-27,M162-28281
LSL Auctions,M162,2026-03-21,49,28282,AUX,M,23.8,415.0,1800.0,4.3373,4.0,Lot Sold,2026-03-27,M162-28282
LSL Auctions,M162,2026-03-21,50,28283,LMX,M,11.7,480.0,2340.0,4.875,4.0,Lot Sold,2026-03-27,M162-28283
LSL Auctions,M162,2026-03-21,51,28555,AAX,M,25.3,585.0,2080.0,3.5556,4.0,Lot Sold,2026-03-27,M162-28555
LSL Auctions,M162,2026-03-21,52,28556,AAX,M,25.2,496.0,1860.0,3.75,4.0,Lot Sold,2026-03-27,M162-28556
LSL Auctions,M162,2026-03-21,54,28343,LMX,M,23.9,530.0,2240.0,4.2264,4.0,Lot Sold,2026-03-27,M162-28343
LSL Auctions,M162,2026-03-21,54A,28337,LMX,M,21.3,430.0,2200.0,5.1163,4.0,Lot Sold,2026-03-27,M162-28337
LSL Auctions,M162,2026-03-21,56,28285,AUX,M,25.1,580.0,2000.0,3.4483,4.0,Lot Sold,2026-03-27,M162-28285
LSL Auctions,M162,2026-03-21,57,28286,LMX,M,24.0,545.0,2120.0,3.8899,4.0,Lot Sold,2026-03-27,M162-28286
LSL Auctions,M162,2026-03-21,58,28287,LMX,M,24.0,470.0,2080.0,4.4255,4.0,Lot Sold,2026-03-27,M162-28287
LSL Auctions,M162,2026-03-21,59,28284,AAX,M,24.4,555.0,2140.0,3.8559,4.0,Lot Sold,2026-03-27,M162-28284
LSL Auctions,M162,2026-03-21,60,28288,AUX,M,25.0,485.0,2080.0,4.2887,4.0,Lot Sold,2026-03-27,M162-28288
LSL Auctions,M162,2026-03-21,61,28289,AAX,M,24.0,545.0,2230.0,4.0917,4.0,Lot Sold,2026-03-27,M162-28289
LSL Auctions,M162,2026-03-21,62,28290,LMX,M,24.1,490.0,2100.0,4.2857,4.0,Lot Sold,2026-03-27,M162-28290
LSL Auctions,M162,2026-03-21,63,28291,AAX,M,24.2,445.0,1820.0,4.0899,4.0,Lot Sold,2026-03-27,M162-28291
LSL Auctions,M162,2026-03-21,64,28292,LMX,M,25.1,515.0,2200.0,4.2718,4.0,Lot Sold,2026-03-27,M162-28292
LSL Auctions,M162,2026-03-21,65,28293,LMX,M,24.8,550.0,2050.0,3.7273,4.0,Lot Sold,2026-03-27,M162-28293
LSL Auctions,M162,2026-03-21,66,28294,AAX,M,24.8,485.0,1900.0,3.9175,4.0,Lot Sold,2026-03-27,M162-28294
LSL Auctions,M162,2026-03-21,67,28295,LMX,M,24.2,545.0,2220.0,4.0734,4.0,Lot Sold,2026-03-27,M162-28295
LSL Auctions,M162,2026-03-21,68,28296,LMX,M,24.2,460.0,1900.0,4.1304,4.0,Lot Sold,2026-03-27,M162-28296
LSL Auctions,M162,2026-03-21,69,28297,LMX,M,24.2,530.0,2240.0,4.2264,4.0,Lot Sold,2026-03-27,M162-28297
LSL Auctions,M162,2026-03-21,70,28298,LMX,M,25.1,485.0,2080.0,4.2887,4.0,Lot Sold,2026-03-27,M162-28298
LSL Auctions,M162,2026-03-21,71,28299,FRX,M,23.6,480.0,1800.0,3.75,4.0,Lot Sold,2026-03-27,M162-28299
LSL Auctions,M162,2026-03-21,72,28300,FRX,M,22.9,435.0,1380.0,3.1724,4.0,Lot Sold,2026-03-27,M162-28300
LSL Auctions,M162,2026-03-21,73,28309,BBX,M,11.8,330.0,1660.0,5.0303,4.0,Lot Sold,2026-03-27,M162-28309
LSL Auctions,M162,2026-03-21,74,28311,BBX,M,11.6,355.0,1720.0,4.8451,4.0,Lot Sold,2026-03-27,M162-28311
LSL Auctions,M162,2026-03-21,75,28312,BBX,M,11.7,300.0,1660.0,5.5333,4.0,Lot Sold,2026-03-27,M162-28312
LSL Auctions,M162,2026-03-21,76,28313,BBX,M,10.5,340.0,1720.0,5.0588,4.0,Lot Sold,2026-03-27,M162-28313
LSL Auctions,M162,2026-03-21,77,28377,LMX,M,21.7,500.0,2320.0,4.64,4.0,Lot Sold,2026-03-27,M162-28377
LSL Auctions,M162,2026-03-21,78,28378,LMX,M,20.4,440.0,2140.0,4.8636,4.0,Lot Sold,2026-03-27,M162-28378
LSL Auctions,M162,2026-03-21,79,28379,LMX,M,23.0,480.0,2260.0,4.7083,4.0,Lot Sold,2026-03-27,M162-28379
LSL Auctions,M162,2026-03-21,80,28380,LMX,M,23.0,470.0,2280.0,4.8511,4.0,Lot Sold,2026-03-27,M162-28380
LSL Auctions,M162,2026-03-21,81,28381,LMX,M,25.9,475.0,2440.0,5.1368,4.0,Lot Sold,2026-03-27,M162-28381
LSL Auctions,M162,2026-03-21,82,28684,AAX,M,24.7,505.0,1780.0,3.5248,4.0,Lot Sold,2026-03-27,M162-28684
LSL Auctions,M162,2026-03-21,83,28685,FR,M,24.4,585.0,1640.0,2.8034,4.0,Lot Sold,2026-03-27,M162-28685
LSL Auctions,M162,2026-03-21,84,28314,FR,M,22.0,420.0,1460.0,3.4762,4.0,Lot Sold,2026-03-27,M162-28314
LSL Auctions,M162,2026-03-21,85,28304,FRX,M,13.7,310.0,1140.0,3.6774,4.0,Lot Sold,2026-03-27,M162-28304
LSL Auctions,M162,2026-03-21,97,28306,AAX,M,13.0,325.0,1000.0,3.0769,4.0,Lot Sold,2026-03-27,M162-28306
LSL Auctions,M162,2026-03-21,98,28307,FR,M,13.8,335.0,1080.0,3.2239,4.0,Lot Sold,2026-03-27,M162-28307
LSL Auctions,M162,2026-03-21,106,28148,CHX,M,22.2,550.0,2400.0,4.3636,4.0,Lot Sold,2026-03-27,M162-28148
LSL Auctions,M162,2026-03-21,107,28149,CHX,M,20.9,565.0,2260.0,4.0,4.0,Lot Sold,2026-03-27,M162-28149
LSL Auctions,M162,2026-03-21,108,28150,CHX,M,21.8,595.0,2420.0,4.0672,4.0,Lot Sold,2026-03-27,M162-28150
LSL Auctions,M162,2026-03-21,109,28151,CHX,M,25.3,515.0,2180.0,4.233,4.0,Lot Sold,2026-03-27,M162-28151
LSL Auctions,M162,2026-03-21,110,28152,CHX,M,20.4,605.0,2900.0,4.7934,4.0,Lot Sold,2026-03-27,M162-28152
LSL Auctions,M162,2026-03-21,111,28153,AAX,M,20.9,510.0,2280.0,4.4706,4.0,Lot Sold,2026-03-27,M162-28153
LSL Auctions,M162,2026-03-21,112,28157,CHX,M,21.1,440.0,2220.0,5.0455,4.0,Lot Sold,2026-03-27,M162-28157
LSL Auctions,M162,2026-03-21,113,28158,HEX,M,25.2,535.0,2120.0,3.9626,4.0,Lot Sold,2026-03-27,M162-28158
LSL Auctions,M162,2026-03-21,114,28159,AUX,M,24.6,545.0,2120.0,3.8899,4.0,Lot Sold,2026-03-27,M162-28159
LSL Auctions,M162,2026-03-21,115,28160,AAX,M,25.3,520.0,2100.0,4.0385,4.0,Lot Sold,2026-03-27,M162-28160
LSL Auctions,M162,2026-03-21,116,28161,AAX,M,25.3,530.0,2160.0,4.0755,4.0,Lot Sold,2026-03-27,M162-28161
LSL Auctions,M162,2026-03-21,117,28162,AAX,M,24.7,455.0,1900.0,4.1758,4.0,Lot Sold,2026-03-27,M162-28162
LSL Auctions,M162,2026-03-21,119,28318,FRX,M,25.8,640.0,2040.0,3.1875,4.0,Lot Sold,2026-03-27,M162-28318
LSL Auctions,M162,2026-03-21,120,28319,FR,M,25.7,650.0,2120.0,3.2615,4.0,Lot Sold,2026-03-27,M162-28319
LSL Auctions,M162,2026-03-21,121,28320,FR,M,26.1,640.0,2040.0,3.1875,4.0,Lot Sold,2026-03-27,M162-28320
LSL Auctions,M162,2026-03-21,122,28321,FR,M,25.3,655.0,2180.0,3.3282,4.0,Lot Sold,2026-03-27,M162-28321
LSL Auctions,M162,2026-03-21,123,28322,FR,M,25.2,615.0,2100.0,3.4146,4.0,Lot Sold,2026-03-27,M162-28322
LSL Auctions,M162,2026-03-21,124,28323,FRX,M,25.5,610.0,1920.0,3.1475,4.0,Lot Sold,2026-03-27,M162-28323
LSL Auctions,M162,2026-03-21,125,28324,FRX,M,25.4,590.0,1940.0,3.2881,4.0,Lot Sold,2026-03-27,M162-28324
LSL Auctions,M162,2026-03-21,126,28325,FRX,M,25.5,650.0,2090.0,3.2154,4.0,Lot Sold,2026-03-27,M162-28325
LSL Auctions,M162,2026-03-21,130,28163,LMX,M,12.6,450.0,2200.0,4.8889,4.0,Lot Sold,2026-03-27,M162-28163
LSL Auctions,M162,2026-03-21,131,28164,LMX,M,14.9,500.0,2480.0,4.96,4.0,Lot Sold,2026-03-27,M162-28164
LSL Auctions,M162,2026-03-21,132,28165,LMX,M,11.4,371.66,1980.0,5.3274,4.0,Lot Sold,2026-03-27,M162-28165
LSL Auctions,M162,2026-03-21,135,28710,LMX,M,20.7,615.0,2600.0,4.2276,4.0,Lot Sold,2026-03-27,M162-28710
LSL Auctions,M162,2026-03-21,136,28711,LMX,M,19.8,605.0,2500.0,4.1322,4.0,Lot Sold,2026-03-27,M162-28711
LSL Auctions,M162,2026-03-21,137,28712,LMX,M,20.6,550.0,2360.0,4.2909,4.0,Lot Sold,2026-03-27,M162-28712
LSL Auctions,M162,2026-03-21,138,28713,LMX,M,19.9,520.0,2360.0,4.5385,4.0,Lot Sold,2026-03-27,M162-28713
LSL Auctions,M162,2026-03-21,141,28528,LMX,M,23.2,615.0,2500.0,4.065,4.0,Lot Sold,2026-03-27,M162-28528
LSL Auctions,M162,2026-03-21,142,28533,LMX,M,24.3,620.0,2520.0,4.0645,4.0,Lot Sold,2026-03-27,M162-28533
LSL Auctions,M162,2026-03-21,143,28535,SIX,M,21.6,615.0,2500.0,4.065,4.0,Lot Sold,2026-03-27,M162-28535
LSL Auctions,M162,2026-03-21,144,28536,LMX,M,21.9,580.0,2500.0,4.3103,4.0,Lot Sold,2026-03-27,M162-28536
LSL Auctions,M162,2026-03-21,145,28537,SIX,M,21.6,610.0,2660.0,4.3607,4.0,Lot Sold,2026-03-27,M162-28537
LSL Auctions,M162,2026-03-21,146,28552,LMX,M,23.5,530.0,2380.0,4.4906,4.0,Lot Sold,2026-03-27,M162-28552
LSL Auctions,M162,2026-03-21,147,28553,LMX,M,27.5,670.0,2920.0,4.3582,4.0,Lot Sold,2026-03-27,M162-28553
LSL Auctions,M162,2026-03-21,148,28545,LMX,M,26.6,650.0,2580.0,3.9692,4.0,Lot Sold,2026-03-27,M162-28545
LSL Auctions,M162,2026-03-21,148A,28572,AAX,M,36.8,580.0,1940.0,3.3448,4.0,Lot Sold,2026-03-27,M162-28572
LSL Auctions,M162,2026-03-21,148B,28670,LMX,M,35.5,650.0,2700.0,4.1538,4.0,Lot Sold,2026-03-27,M162-28670
LSL Auctions,M162,2026-03-21,149,28574,AAX,M,34.2,820.0,3160.0,3.8537,4.0,Lot Sold,2026-03-27,M162-28574
LSL Auctions,M162,2026-03-21,149A,28640,CHX,M,33.3,715.0,2780.0,3.8881,4.0,Lot Sold,2026-03-27,M162-28640
LSL Auctions,M162,2026-03-21,150,28571,SIX,M,24.7,1460.0,1660.0,1.137,4.0,Lot Sold,2026-03-27,M162-28571
LSL Auctions,M162,2026-03-21,150A,28671,AAX,M,34.1,735.0,2780.0,3.7823,4.0,Lot Sold,2026-03-27,M162-28671
LSL Auctions,M162,2026-03-21,151,28166,CH,M,35.5,810.0,3000.0,3.7037,4.0,Lot Sold,2026-03-27,M162-28166
LSL Auctions,M162,2026-03-21,151A,28222,LMX,M,34.8,795.0,3160.0,3.9748,4.0,Lot Sold,2026-03-27,M162-28222
LSL Auctions,M162,2026-03-21,152,28167,CHX,M,35.3,855.0,3500.0,4.0936,4.0,Lot Sold,2026-03-27,M162-28167
LSL Auctions,M162,2026-03-21,153,28168,CHX,M,35.3,835.0,3240.0,3.8802,4.0,Lot Sold,2026-03-27,M162-28168
LSL Auctions,M162,2026-03-21,154,28169,CHX,M,35.8,870.0,3420.0,3.931,4.0,Lot Sold,2026-03-27,M162-28169
LSL Auctions,M162,2026-03-21,155,28170,CHX,M,35.1,860.0,3440.0,4.0,4.0,Lot Sold,2026-03-27,M162-28170
LSL Auctions,M162,2026-03-21,156,28171,CHX,M,35.2,850.0,3560.0,4.1882,4.0,Lot Sold,2026-03-27,M162-28171
LSL Auctions,M162,2026-03-21,157,28172,CHX,M,33.9,870.0,3500.0,4.023,4.0,Lot Sold,2026-03-27,M162-28172
LSL Auctions,M162,2026-03-21,158,28173,LMX,M,35.4,825.0,3360.0,4.0727,4.0,Lot Sold,2026-03-27,M162-28173
LSL Auctions,M162,2026-03-21,159,28698,LMX,M,34.6,830.0,3220.0,3.8795,4.0,Lot Sold,2026-03-27,M162-28698
LSL Auctions,M162,2026-03-21,160,28699,LMX,M,35.3,840.0,3540.0,4.2143,4.0,Lot Sold,2026-03-27,M162-28699
LSL Auctions,M162,2026-03-21,162,28329,FR,M,16.9,382.5,1260.0,3.2941,4.0,Lot Sold,2026-03-27,M162-28329
LSL Auctions,M162,2026-03-21,163,28330,FR,M,13.0,332.5,1120.0,3.3684,4.0,Lot Sold,2026-03-27,M162-28330
LSL Auctions,M162,2026-03-21,164,28331,FR,M,13.9,340.0,1210.0,3.5588,4.0,Lot Sold,2026-03-27,M162-28331
LSL Auctions,M162,2026-03-21,165,28332,FR,M,16.3,360.0,1230.0,3.4167,4.0,Lot Sold,2026-03-27,M162-28332
LSL Auctions,M162,2026-03-21,169,28236,AAX,M,25.4,570.0,2220.0,3.8947,4.0,Lot Sold,2026-03-27,M162-28236
LSL Auctions,M162,2026-03-21,170,28237,AAX,M,25.8,470.0,1700.0,3.617,4.0,Lot Sold,2026-03-27,M162-28237
LSL Auctions,M162,2026-03-21,171,28238,AAX,M,23.0,510.0,2000.0,3.9216,4.0,Lot Sold,2026-03-27,M162-28238
LSL Auctions,M162,2026-03-21,180,28265,LMX,M,22.8,555.0,2240.0,4.036,4.0,Lot Sold,2026-03-27,M162-28265
LSL Auctions,M162,2026-03-21,181,28267,FRX,M,19.4,455.0,1500.0,3.2967,4.0,Lot Sold,2026-03-27,M162-28267
LSL Auctions,M162,2026-03-21,181A,28268,FRX,M,19.7,470.0,1640.0,3.4894,4.0,Lot Sold,2026-03-27,M162-28268
LSL Auctions,M162,2026-03-21,182,28174,LMX,M,10.5,295.0,1960.0,6.6441,4.0,Lot Sold,2026-03-27,M162-28174
LSL Auctions,M162,2026-03-21,183,28175,LMX,M,10.0,300.0,1700.0,5.6667,4.0,Lot Sold,2026-03-27,M162-28175
LSL Auctions,M162,2026-03-21,184,28501,LMX,M,8.9,310.0,2160.0,6.9677,4.0,Lot Sold,2026-03-27,M162-28501
LSL Auctions,M162,2026-03-21,185,28502,LMX,M,7.3,250.0,1620.0,6.48,4.0,Lot Sold,2026-03-27,M162-28502
LSL Auctions,M162,2026-03-21,186,28503,CHX,M,9.0,297.5,1740.0,5.8487,4.0,Lot Sold,2026-03-27,M162-28503
LSL Auctions,M162,2026-03-21,187,28504,CHX,M,7.1,265.0,1760.0,6.6415,4.0,Lot Sold,2026-03-27,M162-28504
LSL Auctions,M162,2026-03-21,300,28310,LMX,F,13.8,346.66,1430.0,4.1251,4.0,Lot Sold,2026-03-27,M162-28310
LSL Auctions,M162,2026-03-21,301,28315,AAX,F,13.5,377.5,1540.0,4.0795,4.0,Lot Sold,2026-03-27,M162-28315
LSL Auctions,M162,2026-03-21,302,28558,HEX,F,14.0,316.66,1500.0,4.7369,4.0,Lot Sold,2026-03-27,M162-28558
LSL Auctions,M162,2026-03-21,303,28559,HEX,F,12.4,270.0,1280.0,4.7407,4.0,Lot Sold,2026-03-27,M162-28559
LSL Auctions,M162,2026-03-21,311,28249,LMX,F,12.9,455.0,1650.0,3.6264,4.0,Lot Sold,2026-03-27,M162-28249
LSL Auctions,M162,2026-03-21,312,28250,HE,F,17.2,440.0,1650.0,3.75,4.0,Lot Sold,2026-03-27,M162-28250
LSL Auctions,M162,2026-03-21,313,28342,LMX,F,22.1,425.0,1830.0,4.3059,4.0,Lot Sold,2026-03-27,M162-28342
LSL Auctions,M162,2026-03-21,314,28341,LMX,F,23.5,415.0,1740.0,4.1928,4.0,Lot Sold,2026-03-27,M162-28341
LSL Auctions,M162,2026-03-21,316,28357,AUX,F,25.5,515.0,1960.0,3.8058,4.0,Lot Sold,2026-03-27,M162-28357
LSL Auctions,M162,2026-03-21,317,28360,AUX,F,25.5,480.0,1850.0,3.8542,4.0,Lot Sold,2026-03-27,M162-28360
LSL Auctions,M162,2026-03-21,317A,28542,LMX,F,25.0,650.0,2380.0,3.6615,4.0,Lot Sold,2026-03-27,M162-28542
LSL Auctions,M162,2026-03-21,318,28485,LMX,F,21.2,412.5,1970.0,4.7758,4.0,Lot Sold,2026-03-27,M162-28485
LSL Auctions,M162,2026-03-21,319,28486,LMX,F,23.5,440.0,2500.0,5.6818,4.0,Lot Sold,2026-03-27,M162-28486
LSL Auctions,M162,2026-03-21,320,28490,BBX,F,23.4,520.0,2560.0,4.9231,4.0,Lot Sold,2026-03-27,M162-28490
LSL Auctions,M162,2026-03-21,321,28493,CHX,F,23.8,360.0,1930.0,5.3611,4.0,Lot Sold,2026-03-27,M162-28493
LSL Auctions,M162,2026-03-21,338,28469,LMX,F,23.5,480.0,1910.0,3.9792,4.0,Lot Sold,2026-03-27,M162-28469
LSL Auctions,M162,2026-03-21,339,28470,CHX,F,25.1,600.0,2200.0,3.6667,4.0,Lot Sold,2026-03-27,M162-28470
LSL Auctions,M162,2026-03-21,340,28471,LMX,F,26.2,590.0,2180.0,3.6949,4.0,Lot Sold,2026-03-27,M162-28471
LSL Auctions,M162,2026-03-21,341,28472,AAX,F,25.4,560.0,2050.0,3.6607,4.0,Lot Sold,2026-03-27,M162-28472
LSL Auctions,M162,2026-03-21,342,28473,AAX,F,26.0,555.0,2080.0,3.7477,4.0,Lot Sold,2026-03-27,M162-28473
LSL Auctions,M162,2026-03-21,348,28259,LMX,F,26.3,665.0,2820.0,4.2406,4.0,Lot Sold,2026-03-27,M162-28259
LSL Auctions,M162,2026-03-21,349,28239,BBX,F,12.8,420.0,2260.0,5.381,4.0,Lot Sold,2026-03-27,M162-28239
LSL Auctions,M162,2026-03-21,356,28176,HEX,F,22.7,420.0,1640.0,3.9048,4.0,Lot Sold,2026-03-27,M162-28176
LSL Auctions,M162,2026-03-21,357,28177,BBX,F,23.7,460.0,1910.0,4.1522,4.0,Lot Sold,2026-03-27,M162-28177
LSL Auctions,M162,2026-03-21,360,28241,BBX,F,16.2,340.0,1500.0,4.4118,4.0,Lot Sold,2026-03-27,M162-28241
LSL Auctions,M162,2026-03-21,361,28243,BBX,F,16.1,322.5,1320.0,4.093,4.0,Lot Sold,2026-03-27,M162-28243
LSL Auctions,M162,2026-03-21,362,28245,AAX,F,16.5,320.0,1380.0,4.3125,4.0,Lot Sold,2026-03-27,M162-28245
LSL Auctions,M162,2026-03-21,363,28240,AAX,F,17.3,420.0,1740.0,4.1429,4.0,Lot Sold,2026-03-27,M162-28240
LSL Auctions,M162,2026-03-21,364,28242,AAX,F,13.2,321.66,1480.0,4.6011,4.0,Lot Sold,2026-03-27,M162-28242
LSL Auctions,M162,2026-03-21,365,28244,BBX,F,13.2,337.5,1540.0,4.563,4.0,Lot Sold,2026-03-27,M162-28244
LSL Auctions,M162,2026-03-21,366,28246,AAX,F,11.3,267.5,1210.0,4.5234,4.0,Lot Sold,2026-03-27,M162-28246
LSL Auctions,M162,2026-03-21,367,28356,BBX,F,15.3,480.0,3000.0,6.25,4.0,Lot Sold,2026-03-27,M162-28356
LSL Auctions,M162,2026-03-21,368,28358,BBX,F,14.5,510.0,2800.0,5.4902,4.0,Lot Sold,2026-03-27,M162-28358
LSL Auctions,M162,2026-03-21,369,28362,LMX,F,7.8,355.0,2500.0,7.0423,4.0,Lot Sold,2026-03-27,M162-28362
LSL Auctions,M162,2026-03-21,370,28366,LMX,F,7.8,345.0,2200.0,6.3768,4.0,Lot Sold,2026-03-27,M162-28366
LSL Auctions,M162,2026-03-21,371,28369,LMX,F,7.2,305.0,2010.0,6.5902,4.0,Lot Sold,2026-03-27,M162-28369
LSL Auctions,M162,2026-03-21,372,28302,STX,F,10.7,325.0,1550.0,4.7692,4.0,Lot Sold,2026-03-27,M162-28302
LSL Auctions,M162,2026-03-21,373,28305,CHX,F,12.5,340.0,1610.0,4.7353,4.0,Lot Sold,2026-03-27,M162-28305
LSL Auctions,M162,2026-03-21,374,28308,BBX,F,11.6,335.0,2000.0,5.9701,4.0,Lot Sold,2026-03-27,M162-28308
LSL Auctions,M162,2026-03-21,377,28700,BBX,F,10.5,305.0,1600.0,5.2459,4.0,Lot Sold,2026-03-27,M162-28700
LSL Auctions,M162,2026-03-21,378,28543,AAX,F,20.3,465.0,1850.0,3.9785,4.0,Lot Sold,2026-03-27,M162-28543
LSL Auctions,M162,2026-03-21,379,28544,AAX,F,15.2,370.0,1660.0,4.4865,4.0,Lot Sold,2026-03-27,M162-28544
LSL Auctions,M162,2026-03-21,380,28495,LMX,F,22.2,495.0,2150.0,4.3434,4.0,Lot Sold,2026-03-27,M162-28495
LSL Auctions,M162,2026-03-21,381,28496,SAX,F,22.0,480.0,1800.0,3.75,4.0,Lot Sold,2026-03-27,M162-28496
LSL Auctions,M162,2026-03-21,382,28497,LMX,F,19.7,480.0,2180.0,4.5417,4.0,Lot Sold,2026-03-27,M162-28497
LSL Auctions,M162,2026-03-21,383,28498,LMX,F,31.2,620.0,2560.0,4.129,4.0,Lot Sold,2026-03-27,M162-28498
LSL Auctions,M162,2026-03-21,384,28499,SAX,F,30.7,675.0,2570.0,3.8074,4.0,Lot Sold,2026-03-27,M162-28499
LSL Auctions,M162,2026-03-21,386,28740,LMX,F,25.4,510.0,1850.0,3.6275,4.0,Lot Sold,2026-03-27,M162-28740
LSL Auctions,M162,2026-03-21,600,28247,FR,F,142.2,590.0,1630.0,2.7627,4.0,Lot Sold,2026-03-27,M162-28247
LSL Auctions,M162,2026-03-21,601,28248,FR,F,121.6,685.0,2010.0,2.9343,4.0,Lot Sold,2026-03-27,M162-28248
LSL Auctions,M162,2026-03-21,602,28260,FR,F,74.3,680.0,1900.0,2.7941,4.0,Lot Sold,2026-03-27,M162-28260
LSL Auctions,M162,2026-03-21,603,28261,FR,F,62.0,830.0,2440.0,2.9398,4.0,Lot Sold,2026-03-27,M162-28261
LSL Auctions,M162,2026-03-21,604,28301,SIX,F,174.0,735.0,2590.0,3.5238,4.0,Lot Sold,2026-03-27,M162-28301
LSL Auctions,M162,2026-03-21,605,28303,BBX,F,143.8,875.0,2880.0,3.2914,4.0,Lot Sold,2026-03-27,M162-28303
LSL Auctions,M162,2026-03-21,606,28317,FR,F,40.2,705.0,2170.0,3.078,4.0,Lot Sold,2026-03-27,M162-28317
LSL Auctions,M162,2026-03-21,607,28316,LMX,F,190.7,605.0,1710.0,2.8264,4.0,Lot Sold,2026-03-27,M162-28316
LSL Auctions,M162,2026-03-21,608,28340,LMX,F,167.6,660.0,2140.0,3.2424,4.0,Lot Sold,2026-03-27,M162-28340
LSL Auctions,M162,2026-03-21,609,28382,FR,F,50.2,485.0,1370.0,2.8247,4.0,Lot Sold,2026-03-27,M162-28382
LSL Auctions,M162,2026-03-21,610,28383,FR,F,62.4,565.0,1470.0,2.6018,4.0,Lot Sold,2026-03-27,M162-28383
LSL Auctions,M162,2026-03-21,611,28384,FRX,F,38.6,395.0,1110.0,2.8101,4.0,Lot Sold,2026-03-27,M162-28384
LSL Auctions,M162,2026-03-21,617,28375,AAX,F,166.8,600.0,1580.0,2.6333,4.0,Lot Sold,2026-03-27,M162-28375
LSL Auctions,M162,2026-03-21,618,28376,LMX,F,166.1,342.5,2670.0,7.7956,4.0,Lot Sold,2026-03-27,M162-28376
LSL Auctions,M162,2026-03-21,619,28355,BBX,F,53.9,715.0,2800.0,3.9161,4.0,Lot Sold,2026-03-27,M162-28355
LSL Auctions,M162,2026-03-21,620,28350,AAX,F,98.8,630.0,1730.0,2.746,4.0,Lot Sold,2026-03-27,M162-28350
LSL Auctions,M162,2026-03-21,621,28407,HEX,F,25.4,200.0,1270.0,6.35,4.0,Lot Sold,2026-03-27,M162-28407
LSL Auctions,M162,2026-03-21,622,28409,HEX,F,71.6,595.0,1720.0,2.8908,4.0,Lot Sold,2026-03-27,M162-28409
LSL Auctions,M162,2026-03-21,623,28446,BBX,F,35.7,590.0,2100.0,3.5593,4.0,Lot Sold,2026-03-27,M162-28446
LSL Auctions,M162,2026-03-21,624,28413,BBX,F,133.7,610.0,1710.0,2.8033,4.0,Lot Sold,2026-03-27,M162-28413
LSL Auctions,M162,2026-03-21,626,28453,FR,F,85.4,665.0,1840.0,2.7669,4.0,Lot Sold,2026-03-27,M162-28453
LSL Auctions,M162,2026-03-21,627,28454,FR,F,109.3,555.0,1400.0,2.5225,4.0,Lot Sold,2026-03-27,M162-28454
LSL Auctions,M162,2026-03-21,628,28456,FR,F,98.8,660.0,1700.0,2.5758,4.0,Lot Sold,2026-03-27,M162-28456
LSL Auctions,M162,2026-03-21,629,28458,FR,F,85.5,630.0,1680.0,2.6667,4.0,Lot Sold,2026-03-27,M162-28458
LSL Auctions,M162,2026-03-21,630,28459,CHX,F,69.6,815.0,2830.0,3.4724,4.0,Lot Sold,2026-03-27,M162-28459
LSL Auctions,M162,2026-03-21,631,28417,FR,F,59.8,675.0,1840.0,2.7259,4.0,Lot Sold,2026-03-27,M162-28417
LSL Auctions,M162,2026-03-21,632,28418,FR,F,117.2,670.0,1640.0,2.4478,4.0,Lot Sold,2026-03-27,M162-28418
LSL Auctions,M162,2026-03-21,633,28403,FRX,F,38.3,450.0,1230.0,2.7333,4.0,Lot Sold,2026-03-27,M162-28403
LSL Auctions,M162,2026-03-21,634,28483,SI,F,50.4,375.0,3100.0,8.2667,4.0,Lot Sold,2026-03-27,M162-28483
LSL Auctions,M162,2026-03-21,635,28747,SIX,F,43.0,735.0,2650.0,3.6054,4.0,Lot Sold,2026-03-27,M162-28747
LSL Auctions,M162,2026-03-21,636,28539,FR,F,169.0,490.0,950.0,1.9388,4.0,Lot Sold,2026-03-27,M162-28539
LSL Auctions,M162,2026-03-21,637,28540,FRX,F,120.2,560.0,1380.0,2.4643,4.0,Lot Sold,2026-03-27,M162-28540
LSL Auctions,M162,2026-03-21,638,28541,FR,F,50.0,555.0,1600.0,2.8829,4.0,Lot Sold,2026-03-27,M162-28541
LSL Auctions,M162,2026-03-21,639,28687,FRX,F,49.4,480.0,1410.0,2.9375,4.0,Lot Sold,2026-03-27,M162-28687
LSL Auctions,M162,2026-03-21,640,28678,FRX,F,37.0,515.0,1410.0,2.7379,4.0,Lot Sold,2026-03-27,M162-28678
LSL Auctions,M162,2026-03-21,642,28680,FRX,F,73.7,560.0,1300.0,2.3214,4.0,Lot Sold,2026-03-27,M162-28680
LSL Auctions,M162,2026-03-21,643,28681,FR,F,73.5,525.0,1410.0,2.6857,4.0,Lot Sold,2026-03-27,M162-28681
LSL Auctions,M162,2026-03-21,644,28682,FR,F,49.7,570.0,1560.0,2.7368,4.0,Lot Sold,2026-03-27,M162-28682
LSL Auctions,M162,2026-03-21,645,28683,FR,F,109.1,695.0,2060.0,2.964,4.0,Lot Sold,2026-03-27,M162-28683
LSL Auctions,M162,2026-03-21,1315,28389,FR,M,1.4,70.0,240.0,3.4286,4.0,Lot Sold,2026-03-27,M162-28389
LSL Auctions,M162,2026-03-21,1316,28390,FR,M,1.4,60.0,230.0,3.8333,4.0,Lot Sold,2026-03-27,M162-28390
LSL Auctions,M162,2026-03-21,1317,28391,FR,M,1.1,65.0,310.0,4.7692,4.0,Lot Sold,2026-03-27,M162-28391
LSL Auctions,M162,2026-03-21,1318,28393,FR,M,0.7,52.5,240.0,4.5714,4.0,Lot Sold,2026-03-27,M162-28393
LSL Auctions,M162,2026-03-21,1319,28394,FRX,M,0.9,52.5,240.0,4.5714,4.0,Lot Sold,2026-03-27,M162-28394
LSL Auctions,M162,2026-03-21,1320,28395,FR,F,2.1,65.0,270.0,4.1538,4.0,Lot Sold,2026-03-27,M162-28395
LSL Auctions,M162,2026-03-21,1322,28397,FR,M,1.0,50.0,190.0,3.8,4.0,Lot Sold,2026-03-27,M162-28397
LSL Auctions,M162,2026-03-21,1323,28398,FR,M,0.9,50.0,180.0,3.6,4.0,Lot Sold,2026-03-27,M162-28398
LSL Auctions,M162,2026-03-21,1324,28399,FRX,M,1.5,56.66,250.0,4.4123,4.0,Lot Sold,2026-03-27,M162-28399
LSL Auctions,M162,2026-03-21,1325,28400,SIX,M,1.3,70.0,490.0,7.0,4.0,Lot Sold,2026-03-27,M162-28400
LSL Auctions,M162,2026-03-21,1326,28401,LMX,M,1.2,75.0,570.0,7.6,4.0,Lot Sold,2026-03-27,M162-28401
LSL Auctions,M162,2026-03-21,1327,28402,FRX,M,1.0,65.0,330.0,5.0769,4.0,Lot Sold,2026-03-27,M162-28402
LSL Auctions,M162,2026-03-21,1328,28404,FRX,F,1.5,50.0,200.0,4.0,4.0,Lot Sold,2026-03-27,M162-28404
LSL Auctions,M162,2026-03-21,1329,28508,SIX,M,1.4,65.0,550.0,8.4615,4.0,Lot Sold,2026-03-27,M162-28508
LSL Auctions,M162,2026-03-21,1330,28509,SI,M,1.2,60.0,540.0,9.0,4.0,Lot Sold,2026-03-27,M162-28509
LSL Auctions,M162,2026-03-21,1331,28513,AAX,M,1.4,80.0,590.0,7.375,4.0,Lot Sold,2026-03-27,M162-28513
LSL Auctions,M162,2026-03-21,1332,28514,AAX,M,0.8,57.0,500.0,8.7719,4.0,Lot Sold,2026-03-27,M162-28514
LSL Auctions,M162,2026-03-21,1334,28517,AAX,F,0.8,55.0,400.0,7.2727,4.0,Lot Sold,2026-03-27,M162-28517
LSL Auctions,M162,2026-03-21,1336,28520,AAX,M,0.8,52.5,380.0,7.2381,4.0,Lot Sold,2026-03-27,M162-28520
LSL Auctions,M162,2026-03-21,1337,28521,CHX,M,1.0,65.0,560.0,8.6154,4.0,Lot Sold,2026-03-27,M162-28521
LSL Auctions,M162,2026-03-21,1338,28525,BBX,M,1.3,60.0,510.0,8.5,4.0,Lot Sold,2026-03-27,M162-28525
LSL Auctions,M162,2026-03-21,1349,28527,CHX,F,1.0,55.0,520.0,9.4545,4.0,Lot Sold,2026-03-27,M162-28527
LSL Auctions,M162,2026-03-21,1350,28529,LMX,M,1.1,65.0,560.0,8.6154,4.0,Lot Sold,2026-03-27,M162-28529
LSL Auctions,M162,2026-03-21,1352,28531,HEX,M,1.4,55.0,430.0,7.8182,4.0,Lot Sold,2026-03-27,M162-28531
LSL Auctions,M162,2026-03-21,1353,28532,HEX,M,1.2,50.0,360.0,7.2,4.0,Lot Sold,2026-03-27,M162-28532
LSL Auctions,M162,2026-03-21,1354,28534,HEX,F,1.2,50.0,330.0,6.6,4.0,Lot Sold,2026-03-27,M162-28534
LSL Auctions,M162,2026-03-21,1356,28547,CHX,M,0.9,50.0,440.0,8.8,4.0,Lot Sold,2026-03-27,M162-28547
LSL Auctions,M162,2026-03-21,1358,28549,FRX,M,1.5,50.0,230.0,4.6,4.0,Lot Sold,2026-03-27,M162-28549
LSL Auctions,M162,2026-03-21,1361,28597,FR,M,1.6,66.66,370.0,5.5506,4.0,Lot Sold,2026-03-27,M162-28597
LSL Auctions,M162,2026-03-21,1362,28601,FR,M,1.5,55.0,340.0,6.1818,4.0,Lot Sold,2026-03-27,M162-28601
LSL Auctions,M162,2026-03-21,1363,28603,BBX,M,1.0,65.0,610.0,9.3846,4.0,Lot Sold,2026-03-27,M162-28603
LSL Auctions,M162,2026-03-21,1364,28604,HEX,M,1.4,70.0,580.0,8.2857,4.0,Lot Sold,2026-03-27,M162-28604
LSL Auctions,M162,2026-03-21,1365,28605,BBX,M,1.5,70.0,590.0,8.4286,4.0,Lot Sold,2026-03-27,M162-28605
LSL Auctions,M162,2026-03-21,1366,28606,BBX,M,1.5,80.0,670.0,8.375,4.0,Lot Sold,2026-03-27,M162-28606
LSL Auctions,M162,2026-03-21,1367,28607,BBX,M,1.5,55.0,450.0,8.1818,4.0,Lot Sold,2026-03-27,M162-28607
LSL Auctions,M162,2026-03-21,1369,28609,HEX,M,1.1,65.0,500.0,7.6923,4.0,Lot Sold,2026-03-27,M162-28609
LSL Auctions,M162,2026-03-21,1370,28610,AAX,M,1.5,70.0,550.0,7.8571,4.0,Lot Sold,2026-03-27,M162-28610
LSL Auctions,M162,2026-03-21,1371,28611,HEX,M,1.6,70.0,540.0,7.7143,4.0,Lot Sold,2026-03-27,M162-28611
LSL Auctions,M162,2026-03-21,1372,28614,BBX,M,1.1,60.0,550.0,9.1667,4.0,Lot Sold,2026-03-27,M162-28614
LSL Auctions,M162,2026-03-21,1373,28617,BBX,M,1.1,50.0,470.0,9.4,4.0,Lot Sold,2026-03-27,M162-28617
LSL Auctions,M162,2026-03-21,1374,28618,AAX,F,1.4,57.5,450.0,7.8261,4.0,Lot Sold,2026-03-27,M162-28618
LSL Auctions,M162,2026-03-21,1375,28619,AAX,M,0.8,57.0,560.0,9.8246,4.0,Lot Sold,2026-03-27,M162-28619
LSL Auctions,M162,2026-03-21,1376,28620,HEX,M,0.6,60.0,470.0,7.8333,4.0,Lot Sold,2026-03-27,M162-28620
LSL Auctions,M162,2026-03-21,1377,28621,AAX,M,0.8,51.66,450.0,8.7108,4.0,Lot Sold,2026-03-27,M162-28621
LSL Auctions,M162,2026-03-21,1380,28624,AAX,M,0.9,65.0,610.0,9.3846,4.0,Lot Sold,2026-03-27,M162-28624
LSL Auctions,M162,2026-03-21,1381,28625,AAX,M,1.0,70.0,600.0,8.5714,4.0,Lot Sold,2026-03-27,M162-28625
LSL Auctions,M162,2026-03-21,1382,28626,AAX,F,0.8,60.0,480.0,8.0,4.0,Lot Sold,2026-03-27,M162-28626
LSL Auctions,M162,2026-03-21,1383,28627,LMX,M,1.1,70.0,570.0,8.1429,4.0,Lot Sold,2026-03-27,M162-28627
LSL Auctions,M162,2026-03-21,1384,28628,LMX,M,1.0,65.0,570.0,8.7692,4.0,Lot Sold,2026-03-27,M162-28628
LSL Auctions,M162,2026-03-21,1385,28629,LMX,M,0.8,65.0,600.0,9.2308,4.0,Lot Sold,2026-03-27,M162-28629
LSL Auctions,M162,2026-03-21,1386,28630,FR,F,1.4,55.0,250.0,4.5455,4.0,Lot Sold,2026-03-27,M162-28630
LSL Auctions,M162,2026-03-21,1387,28631,FR,M,1.0,55.0,250.0,4.5455,4.0,Lot Sold,2026-03-27,M162-28631
LSL Auctions,M162,2026-03-21,1391,28635,AUX,F,0.9,50.0,260.0,5.2,4.0,Lot Sold,2026-03-27,M162-28635
LSL Auctions,M162,2026-03-21,1392,28636,AUX,F,1.1,60.0,390.0,6.5,4.0,Lot Sold,2026-03-27,M162-28636
LSL Auctions,M162,2026-03-21,1393,28637,BBX,M,1.1,65.0,650.0,10.0,4.0,Lot Sold,2026-03-27,M162-28637
LSL Auctions,M162,2026-03-21,1394,28639,NRX,M,1.1,65.0,330.0,5.0769,4.0,Lot Sold,2026-03-27,M162-28639
LSL Auctions,M162,2026-03-21,1395,28641,BBX,M,0.9,60.0,530.0,8.8333,4.0,Lot Sold,2026-03-27,M162-28641
LSL Auctions,M162,2026-03-21,1397,28643,NRX,M,0.8,60.0,370.0,6.1667,4.0,Lot Sold,2026-03-27,M162-28643
LSL Auctions,M162,2026-03-21,1398,28644,FRX,M,1.1,50.0,80.0,1.6,4.0,Lot Sold,2026-03-27,M162-28644
LSL Auctions,M162,2026-03-21,1399,28645,CHX,F,1.3,65.0,580.0,8.9231,4.0,Lot Sold,2026-03-27,M162-28645
LSL Auctions,M162,2026-03-21,1400,28647,CHX,F,1.4,70.0,620.0,8.8571,4.0,Lot Sold,2026-03-27,M162-28647
LSL Auctions,M162,2026-03-21,1401,28648,LMX,F,1.2,55.0,450.0,8.1818,4.0,Lot Sold,2026-03-27,M162-28648
LSL Auctions,M162,2026-03-21,1404,28654,FR,M,1.6,60.0,240.0,4.0,4.0,Lot Sold,2026-03-27,M162-28654
LSL Auctions,M162,2026-03-21,1405,28655,FR,M,1.6,50.0,40.0,0.8,4.0,Lot Sold,2026-03-27,M162-28655
LSL Auctions,M162,2026-03-21,1406,28656,FR,M,1.5,55.0,160.0,2.9091,4.0,Lot Sold,2026-03-27,M162-28656
LSL Auctions,M162,2026-03-21,1408,28658,AAX,F,1.6,65.0,280.0,4.3077,4.0,Lot Sold,2026-03-27,M162-28658
LSL Auctions,M162,2026-03-21,1409,28575,AAX,F,1.6,50.0,250.0,5.0,4.0,Lot Sold,2026-03-27,M162-28575
LSL Auctions,M162,2026-03-21,1410,28576,AAX,F,1.6,50.0,240.0,4.8,4.0,Lot Sold,2026-03-27,M162-28576
LSL Auctions,M162,2026-03-21,1411,28578,FR,M,1.4,50.0,170.0,3.4,4.0,Lot Sold,2026-03-27,M162-28578
LSL Auctions,M162,2026-03-21,1412,28579,FR,M,2.1,65.0,270.0,4.1538,4.0,Lot Sold,2026-03-27,M162-28579
LSL Auctions,M162,2026-03-21,1415,28660,NRX,M,1.3,56.66,200.0,3.5298,4.0,Lot Sold,2026-03-27,M162-28660
LSL Auctions,M162,2026-03-21,1416,28661,FRX,M,1.2,53.12,140.0,2.6355,4.0,Lot Sold,2026-03-27,M162-28661
LSL Auctions,M162,2026-03-21,1417,28662,HEX,F,1.2,65.0,550.0,8.4615,4.0,Lot Sold,2026-03-27,M162-28662
LSL Auctions,M162,2026-03-21,1418,28663,HEX,M,1.3,65.0,580.0,8.9231,4.0,Lot Sold,2026-03-27,M162-28663
LSL Auctions,M162,2026-03-21,1419,28664,HEX,M,1.3,65.0,580.0,8.9231,4.0,Lot Sold,2026-03-27,M162-28664
LSL Auctions,M162,2026-03-21,1420,28665,LMX,M,1.3,65.0,610.0,9.3846,4.0,Lot Sold,2026-03-27,M162-28665
LSL Auctions,M162,2026-03-21,1421,28666,LMX,M,1.4,70.0,620.0,8.8571,4.0,Lot Sold,2026-03-27,M162-28666
LSL Auctions,M162,2026-03-21,1422,28667,LMX,M,1.3,70.0,630.0,9.0,4.0,Lot Sold,2026-03-27,M162-28667
LSL Auctions,M162,2026-03-21,1423,28668,LMX,M,1.2,75.0,590.0,7.8667,4.0,Lot Sold,2026-03-27,M162-28668
LSL Auctions,M162,2026-03-21,1424,28669,LMX,M,1.2,65.0,600.0,9.2308,4.0,Lot Sold,2026-03-27,M162-28669
LSL Auctions,M162,2026-03-21,1428,28584,HEX,F,0.7,50.0,250.0,5.0,4.0,Lot Sold,2026-03-27,M162-28584
LSL Auctions,M162,2026-03-21,1429,28585,HEX,M,0.7,55.0,470.0,8.5455,4.0,Lot Sold,2026-03-27,M162-28585
LSL Auctions,M162,2026-03-21,1430,28586,AAX,F,0.9,55.0,410.0,7.4545,4.0,Lot Sold,2026-03-27,M162-28586
LSL Auctions,M162,2026-03-21,1433,28589,HEX,M,0.7,55.0,440.0,8.0,4.0,Lot Sold,2026-03-27,M162-28589
LSL Auctions,M162,2026-03-21,1434,28590,FRX,M,1.1,50.0,30.0,0.6,4.0,Lot Sold,2026-03-27,M162-28590
LSL Auctions,M162,2026-03-21,1435,28591,FRX,M,1.5,50.0,140.0,2.8,4.0,Lot Sold,2026-03-27,M162-28591
LSL Auctions,M162,2026-03-21,1436,28592,AAX,M,1.2,55.0,310.0,5.6364,4.0,Lot Sold,2026-03-27,M162-28592
LSL Auctions,M162,2026-03-21,1437,28717,BBX,F,1.0,52.5,420.0,8.0,4.0,Lot Sold,2026-03-27,M162-28717
LSL Auctions,M162,2026-03-21,1438,28718,AAX,F,1.1,52.5,410.0,7.8095,4.0,Lot Sold,2026-03-27,M162-28718
LSL Auctions,M162,2026-03-21,1439,28719,HEX,M,1.1,50.0,150.0,3.0,4.0,Lot Sold,2026-03-27,M162-28719
LSL Auctions,M162,2026-03-21,1440,28720,BBX,M,1.2,55.0,500.0,9.0909,4.0,Lot Sold,2026-03-27,M162-28720
LSL Auctions,M162,2026-03-21,1441,28593,AUX,M,1.3,58.33,360.0,6.1718,4.0,Lot Sold,2026-03-27,M162-28593
LSL Auctions,M162,2026-03-21,1443,28595,CHX,M,1.3,65.0,510.0,7.8462,4.0,Lot Sold,2026-03-27,M162-28595
LSL Auctions,M162,2026-03-21,1444,28596,HEX,F,1.3,65.0,470.0,7.2308,4.0,Lot Sold,2026-03-27,M162-28596
LSL Auctions,M162,2026-03-21,1445,28598,HEX,M,1.3,65.0,550.0,8.4615,4.0,Lot Sold,2026-03-27,M162-28598
LSL Auctions,M162,2026-03-21,1446,28599,AAX,F,1.0,58.33,430.0,7.3718,4.0,Lot Sold,2026-03-27,M162-28599
LSL Auctions,M162,2026-03-21,1447,28600,AAX,F,0.7,50.0,220.0,4.4,4.0,Lot Sold,2026-03-27,M162-28600
LSL Auctions,M162,2026-03-21,1449,28612,LMX,M,1.4,60.0,390.0,6.5,4.0,Lot Sold,2026-03-27,M162-28612
LSL Auctions,M162,2026-03-21,1450,28613,LMX,M,1.3,55.0,420.0,7.6364,4.0,Lot Sold,2026-03-27,M162-28613
LSL Auctions,M162,2026-03-21,1451,28615,LMX,M,1.3,55.0,420.0,7.6364,4.0,Lot Sold,2026-03-27,M162-28615
LSL Auctions,M162,2026-03-21,1452,28616,FRX,M,1.4,60.0,300.0,5.0,4.0,Lot Sold,2026-03-27,M162-28616
LSL Auctions,M162,2026-03-21,1453,28673,AAX,F,1.6,57.5,260.0,4.5217,4.0,Lot Sold,2026-03-27,M162-28673
LSL Auctions,M162,2026-03-21,1454,28674,FR,M,0.9,80.0,400.0,5.0,4.0,Lot Sold,2026-03-27,M162-28674
LSL Auctions,M162,2026-03-21,1455,28675,FR,M,1.2,65.0,350.0,5.3846,4.0,Lot Sold,2026-03-27,M162-28675
LSL Auctions,M162,2026-03-21,1456,28676,AAX,M,0.8,55.0,290.0,5.2727,4.0,Lot Sold,2026-03-27,M162-28676
LSL Auctions,M162,2026-03-21,1457,28677,FR,M,0.9,60.0,300.0,5.0,4.0,Lot Sold,2026-03-27,M162-28677
LSL Auctions,M186,2026-03-26,200,628068,FRX,F,60.5,550.0,1370.0,2.4909,4.0,Lot Sold,2026-03-27,M186-628068
LSL Auctions,M186,2026-03-26,200A,628069,FRX,F,73.0,550.0,1320.0,2.4,4.0,Lot Sold,2026-03-27,M186-628069
LSL Auctions,M186,2026-03-26,201,627876,PTX,F,23.4,370.0,1400.0,3.7838,4.0,Lot Sold,2026-03-27,M186-627876
LSL Auctions,M186,2026-03-26,202,627877,PTX,F,170.1,580.0,1880.0,3.2414,4.0,Lot Sold,2026-03-27,M186-627877
LSL Auctions,M186,2026-03-26,203,627894,LMX,F,31.2,525.0,2210.0,4.2095,4.0,Lot Sold,2026-03-27,M186-627894
LSL Auctions,M186,2026-03-26,204,627911,FR,F,48.3,530.0,1190.0,2.2453,4.0,Lot Sold,2026-03-27,M186-627911
LSL Auctions,M186,2026-03-26,205,627912,FR,F,37.3,580.0,1510.0,2.6034,4.0,Lot Sold,2026-03-27,M186-627912
LSL Auctions,M186,2026-03-26,206,627913,FR,F,36.9,520.0,1370.0,2.6346,4.0,Lot Sold,2026-03-27,M186-627913
LSL Auctions,M186,2026-03-26,207,627914,FRX,F,109.5,605.0,1380.0,2.281,4.0,Lot Sold,2026-03-27,M186-627914
LSL Auctions,M186,2026-03-26,208,627915,FR,F,121.2,615.0,1710.0,2.7805,4.0,Lot Sold,2026-03-27,M186-627915
LSL Auctions,M186,2026-03-26,209,627916,FR,F,73.5,635.0,1700.0,2.6772,4.0,Lot Sold,2026-03-27,M186-627916
LSL Auctions,M186,2026-03-26,210,627917,FR,F,109.6,620.0,1750.0,2.8226,4.0,Lot Sold,2026-03-27,M186-627917
LSL Auctions,M186,2026-03-26,211,627918,FR,F,24.2,360.0,910.0,2.5278,4.0,Lot Sold,2026-03-27,M186-627918
LSL Auctions,M186,2026-03-26,212,627919,FR,F,27.0,560.0,1790.0,3.1964,4.0,Lot Sold,2026-03-27,M186-627919
LSL Auctions,M186,2026-03-26,213,627920,FR,F,43.0,520.0,1370.0,2.6346,4.0,Lot Sold,2026-03-27,M186-627920
LSL Auctions,M186,2026-03-26,214,627926,FR,F,74.1,635.0,1790.0,2.8189,4.0,Lot Sold,2026-03-27,M186-627926
LSL Auctions,M186,2026-03-26,215,627927,FR,F,61.6,520.0,1390.0,2.6731,4.0,Lot Sold,2026-03-27,M186-627927
LSL Auctions,M186,2026-03-26,216,627928,FR,F,60.6,545.0,1470.0,2.6972,4.0,Lot Sold,2026-03-27,M186-627928
LSL Auctions,M186,2026-03-26,217,627929,FRX,F,73.9,630.0,1720.0,2.7302,4.0,Lot Sold,2026-03-27,M186-627929
LSL Auctions,M186,2026-03-26,218,627940,HEX,F,118.2,525.0,1460.0,2.781,4.0,Lot Sold,2026-03-27,M186-627940
LSL Auctions,M186,2026-03-26,219,627941,FR,F,87.9,580.0,1480.0,2.5517,4.0,Lot Sold,2026-03-27,M186-627941
LSL Auctions,M186,2026-03-26,220,627942,FR,F,89.2,440.0,960.0,2.1818,4.0,Lot Sold,2026-03-27,M186-627942
LSL Auctions,M186,2026-03-26,221,627943,FR,F,98.7,580.0,1380.0,2.3793,4.0,Lot Sold,2026-03-27,M186-627943
LSL Auctions,M186,2026-03-26,222,627944,FR,F,97.5,500.0,1200.0,2.4,4.0,Lot Sold,2026-03-27,M186-627944
LSL Auctions,M186,2026-03-26,223,627945,FR,F,111.7,580.0,1510.0,2.6034,4.0,Lot Sold,2026-03-27,M186-627945
LSL Auctions,M186,2026-03-26,224,627946,FR,F,110.9,570.0,1410.0,2.4737,4.0,Lot Sold,2026-03-27,M186-627946
LSL Auctions,M186,2026-03-26,225,627951,LMX,F,134.4,750.0,2320.0,3.0933,4.0,Lot Sold,2026-03-27,M186-627951
LSL Auctions,M186,2026-03-26,226,627952,HEX,F,121.0,755.0,2270.0,3.0066,4.0,Lot Sold,2026-03-27,M186-627952
LSL Auctions,M186,2026-03-26,227,627953,BBX,F,131.8,700.0,2020.0,2.8857,4.0,Lot Sold,2026-03-27,M186-627953
LSL Auctions,M186,2026-03-26,228,627954,FR,F,87.6,755.0,2160.0,2.8609,4.0,Lot Sold,2026-03-27,M186-627954
LSL Auctions,M186,2026-03-26,229,627955,FR,F,97.6,710.0,1850.0,2.6056,4.0,Lot Sold,2026-03-27,M186-627955
LSL Auctions,M186,2026-03-26,230,627956,FRX,F,132.2,645.0,1850.0,2.8682,4.0,Lot Sold,2026-03-27,M186-627956
LSL Auctions,M186,2026-03-26,231,627957,FR,F,109.8,605.0,1690.0,2.7934,4.0,Lot Sold,2026-03-27,M186-627957
LSL Auctions,M186,2026-03-26,232,627958,FR,F,96.5,660.0,1710.0,2.5909,4.0,Lot Sold,2026-03-27,M186-627958
LSL Auctions,M186,2026-03-26,233,627959,FR,F,83.3,635.0,1810.0,2.8504,4.0,Lot Sold,2026-03-27,M186-627959
LSL Auctions,M186,2026-03-26,234,627960,FRX,F,117.7,690.0,1770.0,2.5652,4.0,Lot Sold,2026-03-27,M186-627960
LSL Auctions,M186,2026-03-26,235,627961,FR,F,92.6,625.0,1660.0,2.656,4.0,Lot Sold,2026-03-27,M186-627961
LSL Auctions,M186,2026-03-26,236,627962,CHX,F,48.3,705.0,2340.0,3.3191,4.0,Lot Sold,2026-03-27,M186-627962
LSL Auctions,M186,2026-03-26,237,627963,SIX,F,96.8,870.0,3040.0,3.4943,4.0,Lot Sold,2026-03-27,M186-627963
LSL Auctions,M186,2026-03-26,238,627964,LMX,F,84.5,725.0,2300.0,3.1724,4.0,Lot Sold,2026-03-27,M186-627964
LSL Auctions,M186,2026-03-26,239,627965,CHX,F,36.6,710.0,2510.0,3.5352,4.0,Lot Sold,2026-03-27,M186-627965
LSL Auctions,M186,2026-03-26,240,627982,FR,F,41.4,675.0,2310.0,3.4222,4.0,Lot Sold,2026-03-27,M186-627982
LSL Auctions,M186,2026-03-26,241,627983,AAX,F,40.3,585.0,1730.0,2.9573,4.0,Lot Sold,2026-03-27,M186-627983
LSL Auctions,M186,2026-03-26,242,627984,HEX,F,39.1,660.0,1910.0,2.8939,4.0,Lot Sold,2026-03-27,M186-627984
LSL Auctions,M186,2026-03-26,243,627985,HEX,F,41.3,660.0,2000.0,3.0303,4.0,Lot Sold,2026-03-27,M186-627985
LSL Auctions,M186,2026-03-26,243A,628149,LMX,F,129.7,740.0,2420.0,3.2703,4.0,Lot Sold,2026-03-27,M186-628149
LSL Auctions,M186,2026-03-26,244,628030,FRX,F,109.5,610.0,1620.0,2.6557,4.0,Lot Sold,2026-03-27,M186-628030
LSL Auctions,M186,2026-03-26,245,627986,STX,F,132.7,680.0,2140.0,3.1471,4.0,Lot Sold,2026-03-27,M186-627986
LSL Auctions,M186,2026-03-26,246,627987,STX,F,133.4,755.0,2410.0,3.1921,4.0,Lot Sold,2026-03-27,M186-627987
LSL Auctions,M186,2026-03-26,247,627988,STX,F,73.3,815.0,2560.0,3.1411,4.0,Lot Sold,2026-03-27,M186-627988
LSL Auctions,M186,2026-03-26,248,627989,STX,F,38.0,740.0,2570.0,3.473,4.0,Lot Sold,2026-03-27,M186-627989
LSL Auctions,M186,2026-03-26,249,627990,LMX,F,70.7,710.0,2360.0,3.3239,4.0,Lot Sold,2026-03-27,M186-627990
LSL Auctions,M186,2026-03-26,250,627991,AAX,M,38.0,845.0,2720.0,3.2189,4.0,Lot Sold,2026-03-27,M186-627991
LSL Auctions,M186,2026-03-26,251,627992,AAX,F,57.1,980.0,3490.0,3.5612,4.0,Lot Sold,2026-03-27,M186-627992
LSL Auctions,M186,2026-03-26,252,627993,FR,F,121.8,745.0,1900.0,2.5503,4.0,Lot Sold,2026-03-27,M186-627993
LSL Auctions,M186,2026-03-26,253,627994,FR,F,109.1,735.0,1990.0,2.7075,4.0,Lot Sold,2026-03-27,M186-627994
LSL Auctions,M186,2026-03-26,254,627995,FR,F,97.7,675.0,1880.0,2.7852,4.0,Lot Sold,2026-03-27,M186-627995
LSL Auctions,M186,2026-03-26,255,627996,FR,F,37.9,615.0,1650.0,2.6829,4.0,Lot Sold,2026-03-27,M186-627996
LSL Auctions,M186,2026-03-26,256,627997,FR,F,37.2,620.0,1650.0,2.6613,4.0,Lot Sold,2026-03-27,M186-627997
LSL Auctions,M186,2026-03-26,257,628004,FR,F,29.4,605.0,1810.0,2.9917,4.0,Lot Sold,2026-03-27,M186-628004
LSL Auctions,M186,2026-03-26,258,628005,SIX,F,25.9,505.0,1350.0,2.6733,4.0,Lot Sold,2026-03-27,M186-628005
LSL Auctions,M186,2026-03-26,259,628006,FR,F,26.1,460.0,1280.0,2.7826,4.0,Lot Sold,2026-03-27,M186-628006
LSL Auctions,M186,2026-03-26,260,628007,FR,F,26.4,510.0,1460.0,2.8627,4.0,Lot Sold,2026-03-27,M186-628007
LSL Auctions,M186,2026-03-26,261,628008,FR,F,26.7,555.0,1410.0,2.5405,4.0,Lot Sold,2026-03-27,M186-628008
LSL Auctions,M186,2026-03-26,262,628009,FR,F,36.3,480.0,1310.0,2.7292,4.0,Lot Sold,2026-03-27,M186-628009
LSL Auctions,M186,2026-03-26,263,628010,FR,F,84.8,570.0,1540.0,2.7018,4.0,Lot Sold,2026-03-27,M186-628010
LSL Auctions,M186,2026-03-26,264,628011,CH,F,110.1,1000.0,3540.0,3.54,4.0,Lot Sold,2026-03-27,M186-628011
LSL Auctions,M186,2026-03-26,265,628003,SPX,F,109.0,590.0,1630.0,2.7627,4.0,Lot Sold,2026-03-27,M186-628003
LSL Auctions,M186,2026-03-26,266,628016,CHX,F,50.7,555.0,2270.0,4.0901,4.0,Lot Sold,2026-03-27,M186-628016
LSL Auctions,M186,2026-03-26,267,628017,HEX,F,68.0,685.0,2280.0,3.3285,4.0,Lot Sold,2026-03-27,M186-628017
LSL Auctions,M186,2026-03-26,268,628018,CHX,F,112.4,705.0,2200.0,3.1206,4.0,Lot Sold,2026-03-27,M186-628018
LSL Auctions,M186,2026-03-26,269,628019,HEX,F,132.2,555.0,1440.0,2.5946,4.0,Lot Sold,2026-03-27,M186-628019
LSL Auctions,M186,2026-03-26,270,628137,FR,M,38.2,700.0,1810.0,2.5857,4.0,Lot Sold,2026-03-27,M186-628137
LSL Auctions,M186,2026-03-26,271,628138,FR,F,23.9,505.0,1460.0,2.8911,4.0,Lot Sold,2026-03-27,M186-628138
LSL Auctions,M186,2026-03-26,272,628139,FR,F,49.3,560.0,1540.0,2.75,4.0,Lot Sold,2026-03-27,M186-628139
LSL Auctions,M186,2026-03-26,273,628140,FR,F,47.2,525.0,1480.0,2.819,4.0,Lot Sold,2026-03-27,M186-628140
LSL Auctions,M186,2026-03-26,273A,628141,FR,F,73.5,495.0,1150.0,2.3232,4.0,Lot Sold,2026-03-27,M186-628141
LSL Auctions,M186,2026-03-26,274,628142,CHX,F,35.0,735.0,2660.0,3.619,4.0,Lot Sold,2026-03-27,M186-628142
LSL Auctions,M186,2026-03-26,274A,628143,CHX,F,35.0,605.0,2650.0,4.3802,4.0,Lot Sold,2026-03-27,M186-628143
LSL Auctions,M186,2026-03-26,275,628144,LMX,F,35.0,510.0,1750.0,3.4314,4.0,Lot Sold,2026-03-27,M186-628144
LSL Auctions,M186,2026-03-26,276,628169,FR,F,122.0,730.0,2080.0,2.8493,4.0,Lot Sold,2026-03-27,M186-628169
LSL Auctions,M186,2026-03-26,277,628170,BBX,F,119.4,750.0,2330.0,3.1067,4.0,Lot Sold,2026-03-27,M186-628170
LSL Auctions,M186,2026-03-26,278,628031,FR,F,21.2,470.0,1310.0,2.7872,4.0,Lot Sold,2026-03-27,M186-628031
LSL Auctions,M186,2026-03-26,279,628032,FRX,F,21.1,540.0,1710.0,3.1667,4.0,Lot Sold,2026-03-27,M186-628032
LSL Auctions,M186,2026-03-26,280,628033,FRX,F,24.9,505.0,1370.0,2.7129,4.0,Lot Sold,2026-03-27,M186-628033
LSL Auctions,M186,2026-03-26,281,628046,CHX,F,84.4,780.0,2930.0,3.7564,4.0,Lot Sold,2026-03-27,M186-628046
LSL Auctions,M186,2026-03-26,282,628047,CHX,F,76.3,780.0,2620.0,3.359,4.0,Lot Sold,2026-03-27,M186-628047
LSL Auctions,M186,2026-03-26,283,628048,LMX,F,130.0,670.0,2350.0,3.5075,4.0,Lot Sold,2026-03-27,M186-628048
LSL Auctions,M186,2026-03-26,286,628070,FRX,F,73.5,570.0,1380.0,2.4211,4.0,Lot Sold,2026-03-27,M186-628070
LSL Auctions,M186,2026-03-26,287,628071,FRX,F,60.3,675.0,1710.0,2.5333,4.0,Lot Sold,2026-03-27,M186-628071
LSL Auctions,M186,2026-03-26,288,628072,FRX,F,109.8,600.0,1550.0,2.5833,4.0,Lot Sold,2026-03-27,M186-628072
LSL Auctions,M186,2026-03-26,289,628073,FRX,F,109.6,710.0,1710.0,2.4085,4.0,Lot Sold,2026-03-27,M186-628073
LSL Auctions,M186,2026-03-26,290,628074,FRX,F,109.2,625.0,1410.0,2.256,4.0,Lot Sold,2026-03-27,M186-628074
LSL Auctions,M186,2026-03-26,291,628075,FRX,F,97.8,570.0,1350.0,2.3684,4.0,Lot Sold,2026-03-27,M186-628075
LSL Auctions,M186,2026-03-26,292,628076,FR,F,121.5,725.0,1860.0,2.5655,4.0,Lot Sold,2026-03-27,M186-628076
LSL Auctions,M186,2026-03-26,293,628077,FRX,F,121.6,665.0,1620.0,2.4361,4.0,Lot Sold,2026-03-27,M186-628077
LSL Auctions,M186,2026-03-26,294,628078,FR,F,121.0,690.0,1770.0,2.5652,4.0,Lot Sold,2026-03-27,M186-628078
LSL Auctions,M186,2026-03-26,295,628079,FRX,F,120.1,675.0,1590.0,2.3556,4.0,Lot Sold,2026-03-27,M186-628079
LSL Auctions,M186,2026-03-26,296,628086,FRX,F,61.4,760.0,1980.0,2.6053,4.0,Lot Sold,2026-03-27,M186-628086
LSL Auctions,M186,2026-03-26,296A,628181,FRX,F,132.7,620.0,1620.0,2.6129,4.0,Lot Sold,2026-03-27,M186-628181
LSL Auctions,M186,2026-03-26,297,628092,FR,F,46.8,520.0,1360.0,2.6154,4.0,Lot Sold,2026-03-27,M186-628092
LSL Auctions,M186,2026-03-26,298,628089,FR,F,37.8,485.0,1340.0,2.7629,4.0,Lot Sold,2026-03-27,M186-628089
LSL Auctions,M186,2026-03-26,299,628090,FR,F,121.4,600.0,1520.0,2.5333,4.0,Lot Sold,2026-03-27,M186-628090
LSL Auctions,M186,2026-03-26,300,628091,FRX,F,119.8,580.0,1440.0,2.4828,4.0,Lot Sold,2026-03-27,M186-628091
LSL Auctions,M186,2026-03-26,301,628108,FR,F,73.7,590.0,1560.0,2.6441,4.0,Lot Sold,2026-03-27,M186-628108
LSL Auctions,M186,2026-03-26,302,628109,FR,F,48.8,520.0,840.0,1.6154,4.0,Lot Sold,2026-03-27,M186-628109
LSL Auctions,M186,2026-03-26,303,628127,BAX,F,123.0,750.0,2430.0,3.24,4.0,Lot Sold,2026-03-27,M186-628127
LSL Auctions,M186,2026-03-26,304,628128,SIX,F,34.1,625.0,2760.0,4.416,4.0,Lot Sold,2026-03-27,M186-628128
LSL Auctions,M186,2026-03-26,305,628129,FR,F,49.7,585.0,1560.0,2.6667,4.0,Lot Sold,2026-03-27,M186-628129
LSL Auctions,M186,2026-03-26,306,628130,FR,F,86.2,555.0,1440.0,2.5946,4.0,Lot Sold,2026-03-27,M186-628130
LSL Auctions,M186,2026-03-26,307,628131,FR,F,85.2,665.0,1700.0,2.5564,4.0,Lot Sold,2026-03-27,M186-628131
LSL Auctions,M186,2026-03-26,308,628132,FR,F,93.9,600.0,1550.0,2.5833,4.0,Lot Sold,2026-03-27,M186-628132
LSL Auctions,M186,2026-03-26,309,628133,FR,F,99.0,585.0,1540.0,2.6325,4.0,Lot Sold,2026-03-27,M186-628133
LSL Auctions,M186,2026-03-26,310,628171,FR,F,54.4,570.0,1270.0,2.2281,4.0,Lot Sold,2026-03-27,M186-628171
LSL Auctions,M186,2026-03-26,311,628172,FR,F,29.1,460.0,1350.0,2.9348,4.0,Lot Sold,2026-03-27,M186-628172
LSL Auctions,M186,2026-03-26,312,628173,FR,F,95.6,690.0,1720.0,2.4928,4.0,Lot Sold,2026-03-27,M186-628173
LSL Auctions,M186,2026-03-26,313,628174,FR,F,29.2,545.0,1560.0,2.8624,4.0,Lot Sold,2026-03-27,M186-628174
LSL Auctions,M186,2026-03-26,314,628175,FR,F,34.0,435.0,1120.0,2.5747,4.0,Lot Sold,2026-03-27,M186-628175
LSL Auctions,M186,2026-03-26,315,628176,FR,F,37.6,500.0,1380.0,2.76,4.0,Lot Sold,2026-03-27,M186-628176
LSL Auctions,M186,2026-03-26,316,628177,FR,F,29.2,460.0,1400.0,3.0435,4.0,Lot Sold,2026-03-27,M186-628177
LSL Auctions,M186,2026-03-26,317,628178,FR,F,29.2,475.0,1150.0,2.4211,4.0,Lot Sold,2026-03-27,M186-628178
LSL Auctions,M186,2026-03-26,318,628179,FR,F,35.8,535.0,1490.0,2.785,4.0,Lot Sold,2026-03-27,M186-628179
LSL Auctions,M186,2026-03-26,319,628180,FR,F,129.0,570.0,1460.0,2.5614,4.0,Lot Sold,2026-03-27,M186-628180
LSL Auctions,M186,2026-03-26,320,628152,FR,F,96.1,760.0,2030.0,2.6711,4.0,Lot Sold,2026-03-27,M186-628152
LSL Auctions,M186,2026-03-26,321,628153,FR,F,97.8,665.0,1710.0,2.5714,4.0,Lot Sold,2026-03-27,M186-628153
LSL Auctions,M186,2026-03-26,322,628154,FR,F,73.6,640.0,1660.0,2.5938,4.0,Lot Sold,2026-03-27,M186-628154
LSL Auctions,M186,2026-03-26,323,628159,FR,F,61.8,570.0,1430.0,2.5088,4.0,Lot Sold,2026-03-27,M186-628159
LSL Auctions,M186,2026-03-26,324,628160,FRX,F,33.2,440.0,1100.0,2.5,4.0,Lot Sold,2026-03-27,M186-628160
LSL Auctions,M186,2026-03-26,325,628161,FR,F,84.6,640.0,1660.0,2.5938,4.0,Lot Sold,2026-03-27,M186-628161
LSL Auctions,M186,2026-03-26,326,628162,FR,F,47.6,535.0,1510.0,2.8224,4.0,Lot Sold,2026-03-27,M186-628162
LSL Auctions,M186,2026-03-26,327,628163,FR,F,72.2,585.0,1510.0,2.5812,4.0,Lot Sold,2026-03-27,M186-628163
LSL Auctions,M186,2026-03-26,328,628164,FR,F,60.9,655.0,1820.0,2.7786,4.0,Lot Sold,2026-03-27,M186-628164
LSL Auctions,M186,2026-03-26,329,628165,FR,F,121.7,785.0,2160.0,2.7516,4.0,Lot Sold,2026-03-27,M186-628165
LSL Auctions,M186,2026-03-26,330,628166,FR,F,144.7,585.0,1520.0,2.5983,4.0,Lot Sold,2026-03-27,M186-628166
LSL Auctions,M186,2026-03-26,331,628167,FR,F,145.1,535.0,1520.0,2.8411,4.0,Lot Sold,2026-03-27,M186-628167
LSL Auctions,M186,2026-03-26,504,627976,AAX,F,16.4,320.0,1190.0,3.7188,4.0,Lot Sold,2026-03-27,M186-627976
LSL Auctions,M186,2026-03-26,505,627977,AAX,F,16.5,310.0,1270.0,4.0968,4.0,Lot Sold,2026-03-27,M186-627977
LSL Auctions,M186,2026-03-26,506,627978,AAX,F,15.5,305.0,1270.0,4.1639,4.0,Lot Sold,2026-03-27,M186-627978
LSL Auctions,M186,2026-03-26,507,627979,AAX,F,17.3,375.0,1420.0,3.7867,4.0,Lot Sold,2026-03-27,M186-627979
LSL Auctions,M186,2026-03-26,508,627980,AAX,F,16.4,305.0,1270.0,4.1639,4.0,Lot Sold,2026-03-27,M186-627980
LSL Auctions,M186,2026-03-26,509,627981,AAX,F,16.5,370.0,1470.0,3.973,4.0,Lot Sold,2026-03-27,M186-627981
LSL Auctions,M186,2026-03-26,510,627813,CHX,F,24.7,580.0,2200.0,3.7931,4.0,Lot Sold,2026-03-27,M186-627813
LSL Auctions,M186,2026-03-26,511,627814,CHX,F,24.7,560.0,2190.0,3.9107,4.0,Lot Sold,2026-03-27,M186-627814
LSL Auctions,M186,2026-03-26,512,627815,CHX,F,24.4,560.0,2540.0,4.5357,4.0,Lot Sold,2026-03-27,M186-627815
LSL Auctions,M186,2026-03-26,513,627816,CHX,F,24.0,560.0,2280.0,4.0714,4.0,Lot Sold,2026-03-27,M186-627816
LSL Auctions,M186,2026-03-26,514,627817,CHX,F,23.4,530.0,2300.0,4.3396,4.0,Lot Sold,2026-03-27,M186-627817
LSL Auctions,M186,2026-03-26,515,627871,HEX,F,22.9,680.0,2420.0,3.5588,4.0,Lot Sold,2026-03-27,M186-627871
LSL Auctions,M186,2026-03-26,516,627872,HEX,F,23.7,650.0,2310.0,3.5538,4.0,Lot Sold,2026-03-27,M186-627872
LSL Auctions,M186,2026-03-26,517,627873,HEX,F,23.7,710.0,2580.0,3.6338,4.0,Lot Sold,2026-03-27,M186-627873
LSL Auctions,M186,2026-03-26,518,627874,HEX,F,22.9,700.0,2500.0,3.5714,4.0,Lot Sold,2026-03-27,M186-627874
LSL Auctions,M186,2026-03-26,519,627875,HEX,F,24.0,585.0,2150.0,3.6752,4.0,Lot Sold,2026-03-27,M186-627875
LSL Auctions,M186,2026-03-26,520,628087,AAX,F,20.6,580.0,2150.0,3.7069,4.0,Lot Sold,2026-03-27,M186-628087
LSL Auctions,M186,2026-03-26,520A,628088,AAX,F,21.3,605.0,2120.0,3.5041,4.0,Lot Sold,2026-03-27,M186-628088
LSL Auctions,M186,2026-03-26,521,627818,BBX,F,25.3,605.0,2210.0,3.6529,4.0,Lot Sold,2026-03-27,M186-627818
LSL Auctions,M186,2026-03-26,522,627819,CHX,F,24.5,615.0,2480.0,4.0325,4.0,Lot Sold,2026-03-27,M186-627819
LSL Auctions,M186,2026-03-26,523,627820,CH,F,24.6,590.0,2530.0,4.2881,4.0,Lot Sold,2026-03-27,M186-627820
LSL Auctions,M186,2026-03-26,524,627821,CHX,F,24.1,580.0,2400.0,4.1379,4.0,Lot Sold,2026-03-27,M186-627821
LSL Auctions,M186,2026-03-26,525,627947,CHX,F,23.4,605.0,2470.0,4.0826,4.0,Lot Sold,2026-03-27,M186-627947
LSL Auctions,M186,2026-03-26,526,627948,CHX,F,23.4,575.0,2420.0,4.2087,4.0,Lot Sold,2026-03-27,M186-627948
LSL Auctions,M186,2026-03-26,527,627949,CHX,F,25.4,685.0,2690.0,3.927,4.0,Lot Sold,2026-03-27,M186-627949
LSL Auctions,M186,2026-03-26,528,627950,CHX,F,24.5,660.0,2820.0,4.2727,4.0,Lot Sold,2026-03-27,M186-627950
LSL Auctions,M186,2026-03-26,529,628050,LMX,F,29.0,620.0,2250.0,3.629,4.0,Lot Sold,2026-03-27,M186-628050
LSL Auctions,M186,2026-03-26,530,628051,LMX,F,28.9,610.0,2450.0,4.0164,4.0,Lot Sold,2026-03-27,M186-628051
LSL Auctions,M186,2026-03-26,531,628052,LMX,F,29.0,570.0,2190.0,3.8421,4.0,Lot Sold,2026-03-27,M186-628052
LSL Auctions,M186,2026-03-26,532,627883,HEX,F,24.6,533.33,1920.0,3.6,4.0,Lot Sold,2026-03-27,M186-627883
LSL Auctions,M186,2026-03-26,533,627884,AAX,F,22.9,498.33,1860.0,3.7325,4.0,Lot Sold,2026-03-27,M186-627884
LSL Auctions,M186,2026-03-26,534,627885,HEX,F,24.6,518.33,1860.0,3.5884,4.0,Lot Sold,2026-03-27,M186-627885
LSL Auctions,M186,2026-03-26,535,627886,AAX,F,23.5,563.33,2030.0,3.6036,4.0,Lot Sold,2026-03-27,M186-627886
LSL Auctions,M186,2026-03-26,536,627887,HEX,F,25.5,532.5,1950.0,3.662,4.0,Lot Sold,2026-03-27,M186-627887
LSL Auctions,M186,2026-03-26,537,627888,AAX,F,23.9,522.5,1890.0,3.6172,4.0,Lot Sold,2026-03-27,M186-627888
LSL Auctions,M186,2026-03-26,538,627889,FR,F,25.6,570.0,1790.0,3.1404,4.0,Lot Sold,2026-03-27,M186-627889
LSL Auctions,M186,2026-03-26,539,628114,HEX,F,24.6,490.0,1800.0,3.6735,4.0,Lot Sold,2026-03-27,M186-628114
LSL Auctions,M186,2026-03-26,539A,628115,AAX,F,21.3,510.0,1840.0,3.6078,4.0,Lot Sold,2026-03-27,M186-628115
LSL Auctions,M186,2026-03-26,540,628116,AAX,F,23.8,405.0,1630.0,4.0247,4.0,Lot Sold,2026-03-27,M186-628116
LSL Auctions,M186,2026-03-26,540A,628117,AAX,F,25.8,435.0,1710.0,3.931,4.0,Lot Sold,2026-03-27,M186-628117
LSL Auctions,M186,2026-03-26,541,628118,AAX,F,23.8,470.0,1870.0,3.9787,4.0,Lot Sold,2026-03-27,M186-628118
LSL Auctions,M186,2026-03-26,541A,628119,AAX,F,23.7,490.0,1810.0,3.6939,4.0,Lot Sold,2026-03-27,M186-628119
LSL Auctions,M186,2026-03-26,542,628024,AAX,F,24.8,540.0,1920.0,3.5556,4.0,Lot Sold,2026-03-27,M186-628024
LSL Auctions,M186,2026-03-26,542A,628120,AAX,F,23.9,490.0,1800.0,3.6735,4.0,Lot Sold,2026-03-27,M186-628120
LSL Auctions,M186,2026-03-26,543,628025,AAX,F,24.3,550.0,1920.0,3.4909,4.0,Lot Sold,2026-03-27,M186-628025
LSL Auctions,M186,2026-03-26,544,628026,AAX,F,23.8,517.5,1920.0,3.7101,4.0,Lot Sold,2026-03-27,M186-628026
LSL Auctions,M186,2026-03-26,545,628027,AAX,F,24.5,525.0,1920.0,3.6571,4.0,Lot Sold,2026-03-27,M186-628027
LSL Auctions,M186,2026-03-26,546,627822,CHX,F,21.2,440.0,2230.0,5.0682,4.0,Lot Sold,2026-03-27,M186-627822
LSL Auctions,M186,2026-03-26,547,627823,LMX,F,23.2,545.0,2800.0,5.1376,4.0,Lot Sold,2026-03-27,M186-627823
LSL Auctions,M186,2026-03-26,548,627824,CHX,F,23.4,625.0,2740.0,4.384,4.0,Lot Sold,2026-03-27,M186-627824
LSL Auctions,M186,2026-03-26,549,627825,AAX,F,23.4,560.0,2050.0,3.6607,4.0,Lot Sold,2026-03-27,M186-627825
LSL Auctions,M186,2026-03-26,551,627827,CHX,F,21.2,360.0,1720.0,4.7778,4.0,Lot Sold,2026-03-27,M186-627827
LSL Auctions,M186,2026-03-26,552,627828,BAX,F,20.8,390.0,1830.0,4.6923,4.0,Lot Sold,2026-03-27,M186-627828
LSL Auctions,M186,2026-03-26,553,627829,CHX,F,20.0,335.0,1760.0,5.2537,4.0,Lot Sold,2026-03-27,M186-627829
LSL Auctions,M186,2026-03-26,554,627830,CHX,F,19.2,315.0,1480.0,4.6984,4.0,Lot Sold,2026-03-27,M186-627830
LSL Auctions,M186,2026-03-26,555,627831,CHX,F,21.2,380.0,1920.0,5.0526,4.0,Lot Sold,2026-03-27,M186-627831
LSL Auctions,M186,2026-03-26,556,627832,CHX,F,12.8,310.0,1540.0,4.9677,4.0,Lot Sold,2026-03-27,M186-627832
LSL Auctions,M186,2026-03-26,557,627833,CHX,F,17.8,375.0,1500.0,4.0,4.0,Lot Sold,2026-03-27,M186-627833
LSL Auctions,M186,2026-03-26,558,627834,LMX,F,22.1,330.0,1790.0,5.4242,4.0,Lot Sold,2026-03-27,M186-627834
LSL Auctions,M186,2026-03-26,559,627835,HEX,F,23.9,475.0,1550.0,3.2632,4.0,Lot Sold,2026-03-27,M186-627835
LSL Auctions,M186,2026-03-26,560,627836,AAX,F,25.1,440.0,1710.0,3.8864,4.0,Lot Sold,2026-03-27,M186-627836
LSL Auctions,M186,2026-03-26,561,627837,AAX,F,23.5,580.0,2130.0,3.6724,4.0,Lot Sold,2026-03-27,M186-627837
LSL Auctions,M186,2026-03-26,562,627838,HEX,F,25.1,560.0,2000.0,3.5714,4.0,Lot Sold,2026-03-27,M186-627838
LSL Auctions,M186,2026-03-26,563,627839,AAX,F,18.6,475.0,1750.0,3.6842,4.0,Lot Sold,2026-03-27,M186-627839
LSL Auctions,M186,2026-03-26,564,627840,CHX,F,26.0,620.0,2320.0,3.7419,4.0,Lot Sold,2026-03-27,M186-627840
LSL Auctions,M186,2026-03-26,565,627841,AAX,F,25.9,565.0,2070.0,3.6637,4.0,Lot Sold,2026-03-27,M186-627841
LSL Auctions,M186,2026-03-26,566,627842,HEX,F,23.8,595.0,2190.0,3.6807,4.0,Lot Sold,2026-03-27,M186-627842
LSL Auctions,M186,2026-03-26,567,627843,AAX,F,27.1,680.0,2490.0,3.6618,4.0,Lot Sold,2026-03-27,M186-627843
LSL Auctions,M186,2026-03-26,568,627844,BBX,F,14.5,335.0,1250.0,3.7313,4.0,Lot Sold,2026-03-27,M186-627844
LSL Auctions,M186,2026-03-26,569,627845,AAX,F,16.7,415.0,1600.0,3.8554,4.0,Lot Sold,2026-03-27,M186-627845
LSL Auctions,M186,2026-03-26,570,627846,AAX,F,18.1,395.0,1620.0,4.1013,4.0,Lot Sold,2026-03-27,M186-627846
LSL Auctions,M186,2026-03-26,571,627847,AAX,F,20.9,555.0,2020.0,3.6396,4.0,Lot Sold,2026-03-27,M186-627847
LSL Auctions,M186,2026-03-26,572,627848,LMX,F,25.6,540.0,2040.0,3.7778,4.0,Lot Sold,2026-03-27,M186-627848
LSL Auctions,M186,2026-03-26,573,627890,BBX,F,24.8,527.5,1800.0,3.4123,4.0,Lot Sold,2026-03-27,M186-627890
LSL Auctions,M186,2026-03-26,574,627891,HEX,F,25.5,530.0,1920.0,3.6226,4.0,Lot Sold,2026-03-27,M186-627891
LSL Auctions,M186,2026-03-26,575,627892,HEX,F,25.2,550.0,2060.0,3.7455,4.0,Lot Sold,2026-03-27,M186-627892
LSL Auctions,M186,2026-03-26,576,627893,HEX,F,25.4,575.0,1990.0,3.4609,4.0,Lot Sold,2026-03-27,M186-627893
LSL Auctions,M186,2026-03-26,577,628020,FRX,F,21.3,525.0,1660.0,3.1619,4.0,Lot Sold,2026-03-27,M186-628020
LSL Auctions,M186,2026-03-26,578,628021,HEX,F,23.8,585.0,2160.0,3.6923,4.0,Lot Sold,2026-03-27,M186-628021
LSL Auctions,M186,2026-03-26,579,628022,HEX,F,23.5,540.0,1940.0,3.5926,4.0,Lot Sold,2026-03-27,M186-628022
LSL Auctions,M186,2026-03-26,580,628023,HEX,F,24.3,590.0,2170.0,3.678,4.0,Lot Sold,2026-03-27,M186-628023
LSL Auctions,M186,2026-03-26,581,627910,FRX,F,25.4,485.0,1480.0,3.0515,4.0,Lot Sold,2026-03-27,M186-627910
LSL Auctions,M186,2026-03-26,581A,628028,AAX,F,25.6,550.0,2040.0,3.7091,4.0,Lot Sold,2026-03-27,M186-628028
LSL Auctions,M186,2026-03-26,582,628168,CHX,F,35.0,620.0,2560.0,4.129,4.0,Lot Sold,2026-03-27,M186-628168
LSL Auctions,M186,2026-03-26,582A,628029,AAX,F,25.0,537.5,1960.0,3.6465,4.0,Lot Sold,2026-03-27,M186-628029
LSL Auctions,M186,2026-03-26,583,627849,AAX,F,24.7,600.0,2140.0,3.5667,4.0,Lot Sold,2026-03-27,M186-627849
LSL Auctions,M186,2026-03-26,584,628207,AAX,F,24.7,505.0,1910.0,3.7822,4.0,Lot Sold,2026-03-27,M186-628207
LSL Auctions,M186,2026-03-26,585,627851,AAX,F,24.7,560.0,2050.0,3.6607,4.0,Lot Sold,2026-03-27,M186-627851
LSL Auctions,M186,2026-03-26,586,627852,AAX,F,24.7,620.0,2290.0,3.6935,4.0,Lot Sold,2026-03-27,M186-627852
LSL Auctions,M186,2026-03-26,587,627853,AAX,F,24.3,485.0,1840.0,3.7938,4.0,Lot Sold,2026-03-27,M186-627853
LSL Auctions,M186,2026-03-26,588,628208,AAX,F,24.5,580.0,2100.0,3.6207,4.0,Lot Sold,2026-03-27,M186-628208
LSL Auctions,M186,2026-03-26,589,627855,AAX,F,24.7,500.0,1900.0,3.8,4.0,Lot Sold,2026-03-27,M186-627855
LSL Auctions,M186,2026-03-26,590,627856,AAX,F,24.8,520.0,1890.0,3.6346,4.0,Lot Sold,2026-03-27,M186-627856
LSL Auctions,M186,2026-03-26,591,627906,FR,F,25.2,620.0,2020.0,3.2581,4.0,Lot Sold,2026-03-27,M186-627906
LSL Auctions,M186,2026-03-26,591A,628110,AAX,F,28.9,590.0,2150.0,3.6441,4.0,Lot Sold,2026-03-27,M186-628110
LSL Auctions,M186,2026-03-26,592,627907,FR,F,21.8,525.0,1760.0,3.3524,4.0,Lot Sold,2026-03-27,M186-627907
LSL Auctions,M186,2026-03-26,592A,628111,AAX,F,25.1,605.0,2230.0,3.686,4.0,Lot Sold,2026-03-27,M186-628111
LSL Auctions,M186,2026-03-26,593,627908,BBX,F,24.4,485.0,1660.0,3.4227,4.0,Lot Sold,2026-03-27,M186-627908
LSL Auctions,M186,2026-03-26,593A,628112,HEX,F,29.7,630.0,2250.0,3.5714,4.0,Lot Sold,2026-03-27,M186-628112
LSL Auctions,M186,2026-03-26,594,627909,AAX,F,23.3,485.0,1780.0,3.6701,4.0,Lot Sold,2026-03-27,M186-627909
LSL Auctions,M186,2026-03-26,594A,628113,BBX,F,25.1,510.0,1800.0,3.5294,4.0,Lot Sold,2026-03-27,M186-628113
LSL Auctions,M186,2026-03-26,595,628150,LMX,F,24.4,645.0,2630.0,4.0775,4.0,Lot Sold,2026-03-27,M186-628150
LSL Auctions,M186,2026-03-26,596,628151,LMX,F,33.3,660.0,2690.0,4.0758,4.0,Lot Sold,2026-03-27,M186-628151
LSL Auctions,M186,2026-03-26,597,627930,FRX,F,25.7,475.0,1420.0,2.9895,4.0,Lot Sold,2026-03-27,M186-627930
LSL Auctions,M186,2026-03-26,598,627931,FR,F,25.4,505.0,1710.0,3.3861,4.0,Lot Sold,2026-03-27,M186-627931
LSL Auctions,M186,2026-03-26,599,627932,FR,F,25.8,510.0,1600.0,3.1373,4.0,Lot Sold,2026-03-27,M186-627932
LSL Auctions,M186,2026-03-26,600,627933,FRX,F,26.0,555.0,1890.0,3.4054,4.0,Lot Sold,2026-03-27,M186-627933
LSL Auctions,M186,2026-03-26,601,627934,FR,F,25.7,480.0,1500.0,3.125,4.0,Lot Sold,2026-03-27,M186-627934
LSL Auctions,M186,2026-03-26,602,627935,FR,F,25.8,480.0,1500.0,3.125,4.0,Lot Sold,2026-03-27,M186-627935
LSL Auctions,M186,2026-03-26,603,627936,FRX,F,26.0,570.0,1890.0,3.3158,4.0,Lot Sold,2026-03-27,M186-627936
LSL Auctions,M186,2026-03-26,604,627867,CHX,F,22.0,390.0,1810.0,4.641,4.0,Lot Sold,2026-03-27,M186-627867
LSL Auctions,M186,2026-03-26,605,627868,CHX,F,22.2,400.0,1950.0,4.875,4.0,Lot Sold,2026-03-27,M186-627868
LSL Auctions,M186,2026-03-26,606,627869,CHX,F,22.2,460.0,2200.0,4.7826,4.0,Lot Sold,2026-03-27,M186-627869
LSL Auctions,M186,2026-03-26,607,627870,CHX,F,22.0,445.0,2100.0,4.7191,4.0,Lot Sold,2026-03-27,M186-627870
LSL Auctions,M186,2026-03-26,608,627998,HEX,F,25.4,450.0,1580.0,3.5111,4.0,Lot Sold,2026-03-27,M186-627998
LSL Auctions,M186,2026-03-26,609,627999,HEX,F,18.5,470.0,1600.0,3.4043,4.0,Lot Sold,2026-03-27,M186-627999
LSL Auctions,M186,2026-03-26,610,628000,AAX,F,25.3,460.0,1700.0,3.6957,4.0,Lot Sold,2026-03-27,M186-628000
LSL Auctions,M186,2026-03-26,611,628001,AAX,F,25.2,490.0,1810.0,3.6939,4.0,Lot Sold,2026-03-27,M186-628001
LSL Auctions,M186,2026-03-26,612,628002,AAX,F,24.4,480.0,1770.0,3.6875,4.0,Lot Sold,2026-03-27,M186-628002
LSL Auctions,M186,2026-03-26,613,628134,AAX,F,26.2,605.0,2130.0,3.5207,4.0,Lot Sold,2026-03-27,M186-628134
LSL Auctions,M186,2026-03-26,614,628135,LMX,F,20.8,425.0,2030.0,4.7765,4.0,Lot Sold,2026-03-27,M186-628135
LSL Auctions,M186,2026-03-26,615,628136,CHX,F,10.4,550.0,2360.0,4.2909,4.0,Lot Sold,2026-03-27,M186-628136
LSL Auctions,M186,2026-03-26,616,627857,AAX,F,25.4,525.0,1950.0,3.7143,4.0,Lot Sold,2026-03-27,M186-627857
LSL Auctions,M186,2026-03-26,617,627858,AAX,F,24.6,585.0,2040.0,3.4872,4.0,Lot Sold,2026-03-27,M186-627858
LSL Auctions,M186,2026-03-26,618,627859,AAX,F,24.8,565.0,2080.0,3.6814,4.0,Lot Sold,2026-03-27,M186-627859
LSL Auctions,M186,2026-03-26,619,627860,AAX,F,24.3,525.0,1900.0,3.619,4.0,Lot Sold,2026-03-27,M186-627860
LSL Auctions,M186,2026-03-26,620,627861,AAX,F,24.5,555.0,1980.0,3.5676,4.0,Lot Sold,2026-03-27,M186-627861
LSL Auctions,M186,2026-03-26,621,627862,AAX,F,24.7,515.0,1860.0,3.6117,4.0,Lot Sold,2026-03-27,M186-627862
LSL Auctions,M186,2026-03-26,622,627863,AAX,F,24.2,545.0,1980.0,3.633,4.0,Lot Sold,2026-03-27,M186-627863
LSL Auctions,M186,2026-03-26,623,627864,AAX,F,24.7,540.0,2000.0,3.7037,4.0,Lot Sold,2026-03-27,M186-627864
LSL Auctions,M186,2026-03-26,624,627865,AAX,F,24.6,540.0,1970.0,3.6481,4.0,Lot Sold,2026-03-27,M186-627865
LSL Auctions,M186,2026-03-26,625,627866,AAX,F,24.5,520.0,1890.0,3.6346,4.0,Lot Sold,2026-03-27,M186-627866
LSL Auctions,M186,2026-03-26,626,627937,CHX,F,34.6,585.0,2340.0,4.0,4.0,Lot Sold,2026-03-27,M186-627937
LSL Auctions,M186,2026-03-26,627,627938,CHX,F,34.5,565.0,2240.0,3.9646,4.0,Lot Sold,2026-03-27,M186-627938
LSL Auctions,M186,2026-03-26,627A,628099,AAX,F,25.0,515.0,1700.0,3.301,4.0,Lot Sold,2026-03-27,M186-628099
LSL Auctions,M186,2026-03-26,628,627939,BBX,F,37.2,495.0,1400.0,2.8283,4.0,Lot Sold,2026-03-27,M186-627939
LSL Auctions,M186,2026-03-26,628A,628100,AAX,F,19.0,415.0,1590.0,3.8313,4.0,Lot Sold,2026-03-27,M186-628100
LSL Auctions,M186,2026-03-26,629,628101,AAX,F,24.8,485.0,1680.0,3.4639,4.0,Lot Sold,2026-03-27,M186-628101
LSL Auctions,M186,2026-03-26,630,628102,AAX,F,24.6,515.0,1860.0,3.6117,4.0,Lot Sold,2026-03-27,M186-628102
LSL Auctions,M186,2026-03-26,631,628103,AAX,F,20.7,505.0,1710.0,3.3861,4.0,Lot Sold,2026-03-27,M186-628103
LSL Auctions,M186,2026-03-26,632,628104,AAX,F,25.8,485.0,1770.0,3.6495,4.0,Lot Sold,2026-03-27,M186-628104
LSL Auctions,M186,2026-03-26,633,628105,AAX,F,25.3,455.0,1700.0,3.7363,4.0,Lot Sold,2026-03-27,M186-628105
LSL Auctions,M186,2026-03-26,634,628106,AAX,F,24.6,460.0,1610.0,3.5,4.0,Lot Sold,2026-03-27,M186-628106
LSL Auctions,M186,2026-03-26,635,628107,AAX,F,25.7,495.0,1790.0,3.6162,4.0,Lot Sold,2026-03-27,M186-628107
LSL Auctions,M186,2026-03-26,636,627878,CHX,F,23.1,510.0,2160.0,4.2353,4.0,Lot Sold,2026-03-27,M186-627878
LSL Auctions,M186,2026-03-26,637,627879,CHX,F,24.3,585.0,2400.0,4.1026,4.0,Lot Sold,2026-03-27,M186-627879
LSL Auctions,M186,2026-03-26,638,627880,SI,F,34.6,660.0,2710.0,4.1061,4.0,Lot Sold,2026-03-27,M186-627880
LSL Auctions,M186,2026-03-26,639,627882,AAX,F,24.9,645.0,2400.0,3.7209,4.0,Lot Sold,2026-03-27,M186-627882
LSL Auctions,M186,2026-03-26,640,627881,HEX,M,25.3,600.0,2220.0,3.7,4.0,Lot Sold,2026-03-27,M186-627881
LSL Auctions,M186,2026-03-26,641,628145,CHX,F,21.4,420.0,1890.0,4.5,4.0,Lot Sold,2026-03-27,M186-628145
LSL Auctions,M186,2026-03-26,642,628146,CHX,F,21.3,480.0,1900.0,3.9583,4.0,Lot Sold,2026-03-27,M186-628146
LSL Auctions,M186,2026-03-26,643,628147,CHX,F,21.4,475.0,2020.0,4.2526,4.0,Lot Sold,2026-03-27,M186-628147
LSL Auctions,M186,2026-03-26,644,628148,CHX,F,22.6,470.0,2020.0,4.2979,4.0,Lot Sold,2026-03-27,M186-628148
LSL Auctions,M186,2026-03-26,645,628155,BBX,F,24.2,465.0,1800.0,3.871,4.0,Lot Sold,2026-03-27,M186-628155
LSL Auctions,M186,2026-03-26,645A,628156,LHX,F,25.4,480.0,1700.0,3.5417,4.0,Lot Sold,2026-03-27,M186-628156
LSL Auctions,M186,2026-03-26,646,627966,BBX,F,25.5,570.0,2170.0,3.807,4.0,Lot Sold,2026-03-27,M186-627966
LSL Auctions,M186,2026-03-26,646A,628157,BBX,F,25.7,450.0,1730.0,3.8444,4.0,Lot Sold,2026-03-27,M186-628157
LSL Auctions,M186,2026-03-26,647,627967,HEX,F,23.7,540.0,1800.0,3.3333,4.0,Lot Sold,2026-03-27,M186-627967
LSL Auctions,M186,2026-03-26,647A,628158,BBX,F,26.0,405.0,1550.0,3.8272,4.0,Lot Sold,2026-03-27,M186-628158
LSL Auctions,M186,2026-03-26,648,627968,CHX,F,24.9,535.0,2010.0,3.757,4.0,Lot Sold,2026-03-27,M186-627968
LSL Auctions,M186,2026-03-26,649,627969,AAX,F,23.3,470.0,1790.0,3.8085,4.0,Lot Sold,2026-03-27,M186-627969
LSL Auctions,M186,2026-03-26,650,627970,AAX,F,23.3,460.0,1750.0,3.8043,4.0,Lot Sold,2026-03-27,M186-627970
LSL Auctions,M186,2026-03-26,651,627971,HEX,F,23.7,480.0,1600.0,3.3333,4.0,Lot Sold,2026-03-27,M186-627971
LSL Auctions,M186,2026-03-26,652,627972,HEX,F,23.7,470.0,1620.0,3.4468,4.0,Lot Sold,2026-03-27,M186-627972
LSL Auctions,M186,2026-03-26,653,627973,AAX,F,24.4,525.0,2040.0,3.8857,4.0,Lot Sold,2026-03-27,M186-627973
LSL Auctions,M186,2026-03-26,654,627974,AAX,F,24.1,510.0,1770.0,3.4706,4.0,Lot Sold,2026-03-27,M186-627974
LSL Auctions,M186,2026-03-26,655,627975,AAX,F,23.4,525.0,1740.0,3.3143,4.0,Lot Sold,2026-03-27,M186-627975
LSL Auctions,M186,2026-03-26,656,628080,AAX,F,23.4,510.0,1780.0,3.4902,4.0,Lot Sold,2026-03-27,M186-628080
LSL Auctions,M186,2026-03-26,657,628081,AAX,F,23.3,500.0,1770.0,3.54,4.0,Lot Sold,2026-03-27,M186-628081
LSL Auctions,M186,2026-03-26,658,628082,HEX,F,23.7,510.0,1720.0,3.3725,4.0,Lot Sold,2026-03-27,M186-628082
LSL Auctions,M186,2026-03-26,659,628083,LMX,F,21.5,485.0,1900.0,3.9175,4.0,Lot Sold,2026-03-27,M186-628083
LSL Auctions,M186,2026-03-26,660,628084,AAX,F,23.3,520.0,1810.0,3.4808,4.0,Lot Sold,2026-03-27,M186-628084
LSL Auctions,M186,2026-03-26,661,628085,AAX,F,23.4,490.0,1780.0,3.6327,4.0,Lot Sold,2026-03-27,M186-628085
LSL Auctions,M186,2026-03-26,662,628049,SPX,F,37.0,625.0,2270.0,3.632,4.0,Lot Sold,2026-03-27,M186-628049
LSL Auctions,M186,2026-03-26,664,628121,CHX,F,22.9,620.0,2650.0,4.2742,4.0,Lot Sold,2026-03-27,M186-628121
LSL Auctions,M186,2026-03-26,665,628122,CHX,F,22.8,550.0,2450.0,4.4545,4.0,Lot Sold,2026-03-27,M186-628122
LSL Auctions,M186,2026-03-26,666,628123,LMX,F,24.4,560.0,2360.0,4.2143,4.0,Lot Sold,2026-03-27,M186-628123
LSL Auctions,M186,2026-03-26,667,628124,CHX,F,31.0,595.0,2610.0,4.3866,4.0,Lot Sold,2026-03-27,M186-628124
LSL Auctions,M186,2026-03-26,668,628125,CHX,F,22.8,575.0,2600.0,4.5217,4.0,Lot Sold,2026-03-27,M186-628125
LSL Auctions,M186,2026-03-26,669,628126,CHX,F,26.6,625.0,2560.0,4.096,4.0,Lot Sold,2026-03-27,M186-628126
LSL Auctions,M186,2026-03-26,670,628182,AAX,F,31.4,645.0,2300.0,3.5659,4.0,Lot Sold,2026-03-27,M186-628182
LSL Auctions,M186,2026-03-26,671,628183,HEX,F,25.1,570.0,2020.0,3.5439,4.0,Lot Sold,2026-03-27,M186-628183
LSL Auctions,M186,2026-03-26,672,628184,SIX,F,32.6,590.0,2310.0,3.9153,4.0,Lot Sold,2026-03-27,M186-628184
LSL Auctions,M186,2026-03-26,672A,628185,AAX,F,25.1,580.0,2080.0,3.5862,4.0,Lot Sold,2026-03-27,M186-628185
LSL Auctions,M186,2026-03-26,673,628186,AAX,F,25.1,645.0,2300.0,3.5659,4.0,Lot Sold,2026-03-27,M186-628186
LSL Auctions,M186,2026-03-26,674,628012,HEX,F,24.8,540.0,1960.0,3.6296,4.0,Lot Sold,2026-03-27,M186-628012
LSL Auctions,M186,2026-03-26,675,628013,AAX,F,23.7,520.0,1910.0,3.6731,4.0,Lot Sold,2026-03-27,M186-628013
LSL Auctions,M186,2026-03-26,676,628014,HEX,F,24.7,520.0,1800.0,3.4615,4.0,Lot Sold,2026-03-27,M186-628014
LSL Auctions,M186,2026-03-26,677,628015,HEX,F,24.9,485.0,1660.0,3.4227,4.0,Lot Sold,2026-03-27,M186-628015
LSL Auctions,M186,2026-03-26,678,628187,CHX,F,22.4,625.0,2710.0,4.336,4.0,Lot Sold,2026-03-27,M186-628187
LSL Auctions,M186,2026-03-26,679,628188,CHX,F,23.8,656.66,2740.0,4.1726,4.0,Lot Sold,2026-03-27,M186-628188
LSL Auctions,M186,2026-03-26,680,628189,LMX,F,34.8,620.0,2560.0,4.129,4.0,Lot Sold,2026-03-27,M186-628189
LSL Auctions,M186,2026-03-26,681,628190,LMX,F,24.2,560.0,2360.0,4.2143,4.0,Lot Sold,2026-03-27,M186-628190
LSL Auctions,M186,2026-03-26,682,628191,CHX,F,25.7,635.0,2690.0,4.2362,4.0,Lot Sold,2026-03-27,M186-628191
LSL Auctions,M186,2026-03-26,683,628192,LMX,F,34.8,570.0,2360.0,4.1404,4.0,Lot Sold,2026-03-27,M186-628192
LSL Auctions,M186,2026-03-26,684,628193,CHX,F,24.7,665.0,2560.0,3.8496,4.0,Lot Sold,2026-03-27,M186-628193
LSL Auctions,M186,2026-03-26,685,628194,CHX,F,23.1,505.0,2230.0,4.4158,4.0,Lot Sold,2026-03-27,M186-628194
LSL Auctions,M186,2026-03-26,685A,628195,LMX,F,22.9,500.0,2280.0,4.56,4.0,Lot Sold,2026-03-27,M186-628195
LSL Auctions,M186,2026-03-26,686,628093,AAX,F,22.9,575.0,2140.0,3.7217,4.0,Lot Sold,2026-03-27,M186-628093
LSL Auctions,M186,2026-03-26,687,628094,AAX,F,24.3,600.0,2260.0,3.7667,4.0,Lot Sold,2026-03-27,M186-628094
LSL Auctions,M186,2026-03-26,688,628095,AAX,F,23.1,535.0,1980.0,3.7009,4.0,Lot Sold,2026-03-27,M186-628095
LSL Auctions,M186,2026-03-26,689,628096,AAX,F,23.2,595.0,2230.0,3.7479,4.0,Lot Sold,2026-03-27,M186-628096
LSL Auctions,M186,2026-03-26,689A,628097,AAX,F,23.2,490.0,1720.0,3.5102,4.0,Lot Sold,2026-03-27,M186-628097
LSL Auctions,M186,2026-03-26,690,628098,AAX,F,23.0,507.5,1850.0,3.6453,4.0,Lot Sold,2026-03-27,M186-628098
LSL Auctions,M186,2026-03-26,692,628196,AAX,F,24.2,640.0,2370.0,3.7031,4.0,Lot Sold,2026-03-27,M186-628196
LSL Auctions,M186,2026-03-26,692A,628197,AAX,F,17.1,535.0,2050.0,3.8318,4.0,Lot Sold,2026-03-27,M186-628197
LSL Auctions,M186,2026-03-26,693,628198,AAX,F,23.8,560.0,2080.0,3.7143,4.0,Lot Sold,2026-03-27,M186-628198
LSL Auctions,M186,2026-03-26,693A,628199,AAX,F,17.1,565.0,2350.0,4.1593,4.0,Lot Sold,2026-03-27,M186-628199
LSL Auctions,M186,2026-03-26,694,628200,AAX,F,17.4,555.0,2380.0,4.2883,4.0,Lot Sold,2026-03-27,M186-628200
LSL Auctions,M186,2026-03-26,695,628201,AAX,F,17.1,530.0,2150.0,4.0566,4.0,Lot Sold,2026-03-27,M186-628201
LSL Auctions,M186,2026-03-26,696,628202,SIX,F,17.1,485.0,2210.0,4.5567,4.0,Lot Sold,2026-03-27,M186-628202
LSL Auctions,M186,2026-03-26,697,628203,SIX,F,17.1,510.0,2440.0,4.7843,4.0,Lot Sold,2026-03-27,M186-628203
LSL Auctions,M186,2026-03-26,698,628204,SIX,F,17.2,540.0,2210.0,4.0926,4.0,Lot Sold,2026-03-27,M186-628204
LSL Auctions,M186,2026-03-26,699,628205,SIX,F,23.8,590.0,2280.0,3.8644,4.0,Lot Sold,2026-03-27,M186-628205
LSL Auctions,M186,2026-03-26,700,628206,SIX,F,17.1,505.0,2090.0,4.1386,4.0,Lot Sold,2026-03-27,M186-628206
LSL Auctions,M186,2026-03-26,701,627895,BAX,F,13.7,285.0,1500.0,5.2632,4.0,Lot Sold,2026-03-27,M186-627895
LSL Auctions,M186,2026-03-26,702,627896,BAX,F,12.8,330.0,1400.0,4.2424,4.0,Lot Sold,2026-03-27,M186-627896
LSL Auctions,M186,2026-03-26,703,627897,BA,F,11.5,340.0,1710.0,5.0294,4.0,Lot Sold,2026-03-27,M186-627897
LSL Auctions,M186,2026-03-26,704,627898,BAX,F,10.8,285.0,1330.0,4.6667,4.0,Lot Sold,2026-03-27,M186-627898
LSL Auctions,M186,2026-03-26,705,627899,BAX,F,12.4,265.0,1160.0,4.3774,4.0,Lot Sold,2026-03-27,M186-627899
LSL Auctions,M186,2026-03-26,707,627901,BAX,F,13.6,345.0,1780.0,5.1594,4.0,Lot Sold,2026-03-27,M186-627901
LSL Auctions,M186,2026-03-26,708,627902,BAX,F,13.7,315.0,1560.0,4.9524,4.0,Lot Sold,2026-03-27,M186-627902
LSL Auctions,M186,2026-03-26,709,627903,BAX,F,12.9,310.0,1650.0,5.3226,4.0,Lot Sold,2026-03-27,M186-627903
LSL Auctions,M186,2026-03-26,710,627904,BAX,F,13.6,295.0,1400.0,4.7458,4.0,Lot Sold,2026-03-27,M186-627904
LSL Auctions,M186,2026-03-26,711,627905,BAX,F,12.0,390.0,1580.0,4.0513,4.0,Lot Sold,2026-03-27,M186-627905
LSL Auctions,M186,2026-03-26,712,627921,LMX,F,34.2,675.0,2840.0,4.2074,4.0,Lot Sold,2026-03-27,M186-627921
LSL Auctions,M186,2026-03-26,713,627922,LM,F,33.8,740.0,3100.0,4.1892,4.0,Lot Sold,2026-03-27,M186-627922
LSL Auctions,M186,2026-03-26,714,627923,AAX,F,27.0,620.0,2320.0,3.7419,4.0,Lot Sold,2026-03-27,M186-627923
LSL Auctions,M186,2026-03-26,715,627924,AAX,F,26.4,525.0,1950.0,3.7143,4.0,Lot Sold,2026-03-27,M186-627924
LSL Auctions,M186,2026-03-26,716,627925,AAX,F,28.5,625.0,2170.0,3.472,4.0,Lot Sold,2026-03-27,M186-627925
LSL Auctions,M186,2026-03-26,717,628034,AAX,F,24.9,395.0,1490.0,3.7722,4.0,Lot Sold,2026-03-27,M186-628034
LSL Auctions,M186,2026-03-26,718,628035,AAX,F,22.1,397.5,1590.0,4.0,4.0,Lot Sold,2026-03-27,M186-628035
LSL Auctions,M186,2026-03-26,719,628036,AAX,F,22.9,417.5,1640.0,3.9281,4.0,Lot Sold,2026-03-27,M186-628036
LSL Auctions,M186,2026-03-26,720,628037,HEX,F,21.8,405.0,1580.0,3.9012,4.0,Lot Sold,2026-03-27,M186-628037
LSL Auctions,M186,2026-03-26,721,628038,AAX,F,24.7,465.0,1820.0,3.914,4.0,Lot Sold,2026-03-27,M186-628038
LSL Auctions,M186,2026-03-26,722,628039,HEX,F,25.1,535.0,1880.0,3.514,4.0,Lot Sold,2026-03-27,M186-628039
LSL Auctions,M186,2026-03-26,723,628040,HEX,F,23.3,420.0,1550.0,3.6905,4.0,Lot Sold,2026-03-27,M186-628040
LSL Auctions,M186,2026-03-26,724,628041,HEX,F,17.6,475.0,1700.0,3.5789,4.0,Lot Sold,2026-03-27,M186-628041
LSL Auctions,M186,2026-03-26,725,628042,HEX,F,24.0,455.0,1700.0,3.7363,4.0,Lot Sold,2026-03-27,M186-628042
LSL Auctions,M186,2026-03-26,726,628043,HEX,F,22.6,415.0,1540.0,3.7108,4.0,Lot Sold,2026-03-27,M186-628043
LSL Auctions,M186,2026-03-26,727,628044,LMX,F,23.0,471.66,1700.0,3.6043,4.0,Lot Sold,2026-03-27,M186-628044
LSL Auctions,M186,2026-03-26,728,628045,LMX,F,23.8,432.5,1640.0,3.7919,4.0,Lot Sold,2026-03-27,M186-628045
LSL Auctions,M262,2026-03-27,138,406353,FR,F,73.8,873.75,2500.0,2.8612,4.0,Lot Sold,2026-03-27,M262-406353
LSL Auctions,M262,2026-03-27,144,406359,FR,F,73.6,740.0,1960.0,2.6486,4.0,Lot Sold,2026-03-27,M262-406359
LSL Auctions,M262,2026-03-27,146,406361,FR,F,54.5,785.0,2030.0,2.586,4.0,Lot Sold,2026-03-27,M262-406361
LSL Auctions,M262,2026-03-27,149,406364,FR,F,61.6,740.0,1960.0,2.6486,4.0,Lot Sold,2026-03-27,M262-406364
LSL Auctions,M262,2026-03-27,150,406365,FR,F,133.9,710.0,1740.0,2.4507,4.0,Lot Sold,2026-03-27,M262-406365
LSL Auctions,M262,2026-03-27,152,406367,FR,F,85.5,710.0,1740.0,2.4507,4.0,Lot Sold,2026-03-27,M262-406367
LSL Auctions,M262,2026-03-27,153,406368,FR,F,85.4,873.75,2500.0,2.8612,4.0,Lot Sold,2026-03-27,M262-406368
LSL Auctions,M262,2026-03-27,154,406369,FR,F,109.6,630.0,1480.0,2.3492,4.0,Lot Sold,2026-03-27,M262-406369
LSL Auctions,M262,2026-03-27,155,406370,FR,F,108.6,595.0,1040.0,1.7479,4.0,Lot Sold,2026-03-27,M262-406370
LSL Auctions,M262,2026-03-27,156,406371,FR,F,74.1,873.75,2500.0,2.8612,4.0,Lot Sold,2026-03-27,M262-406371
LSL Auctions,M262,2026-03-27,157,406372,FR,F,122.0,602.5,1480.0,2.4564,4.0,Lot Sold,2026-03-27,M262-406372
LSL Auctions,M262,2026-03-27,158,406373,FR,F,84.6,602.5,1480.0,2.4564,4.0,Lot Sold,2026-03-27,M262-406373
LSL Auctions,M262,2026-03-27,162,406377,FR,F,73.7,873.75,2500.0,2.8612,4.0,Lot Sold,2026-03-27,M262-406377
LSL Auctions,M262,2026-03-27,176,406391,SIX,F,61.1,725.0,2080.0,2.869,4.0,Lot Sold,2026-03-27,M262-406391
LSL Auctions,M303,2026-03-26,5000,91425,HEX,M,25.3,425.0,1486.0,3.4965,4.0,Lot Sold,2026-03-27,M303-91425
LSL Auctions,WRM,2026-03-27,1,5339898,,,,535.0,1250.0,2.3364,,Lot Sold,2026-03-27,WRM-5339898
LSL Auctions,WRM,2026-03-27,3,5339910,,,,510.0,1925.0,3.7745,,Lot Sold,2026-03-27,WRM-5339910
LSL Auctions,WRM,2026-03-27,4,5339928,,,,545.0,1875.0,3.4404,,Lot Sold,2026-03-27,WRM-5339928
LSL Auctions,WRM,2026-03-27,6,5339930,,,,490.0,1925.0,3.9286,,Lot Sold,2026-03-27,WRM-5339930
LSL Auctions,WRM,2026-03-27,8,5339936,,,,440.0,1550.0,3.5227,,Lot Sold,2026-03-27,WRM-5339936
LSL Auctions,WRM,2026-03-27,10,5339946,,,,480.0,1250.0,2.6042,,Lot Sold,2026-03-27,WRM-5339946
LSL Auctions,WRM,2026-03-27,11,5339950,,,,460.0,1950.0,4.2391,,Lot Sold,2026-03-27,WRM-5339950
LSL Auctions,WRM,2026-03-27,12,5339954,,,,415.0,2000.0,4.8193,,Lot Sold,2026-03-27,WRM-5339954
LSL Auctions,WRM,2026-03-27,13,5339961,,,,400.0,1750.0,4.375,,Lot Sold,2026-03-27,WRM-5339961
LSL Auctions,WRM,2026-03-27,14,5339965,,,,440.0,1525.0,3.4659,,Lot Sold,2026-03-27,WRM-5339965
LSL Auctions,WRM,2026-03-27,15,5340194,,,,445.0,1800.0,4.0449,,Lot Sold,2026-03-27,WRM-5340194
LSL Auctions,WRM,2026-03-27,16,5340198,,,,400.0,1700.0,4.25,,Lot Sold,2026-03-27,WRM-5340198
LSL Auctions,WRM,2026-03-27,18,5340202,,,,435.0,1250.0,2.8736,,Lot Sold,2026-03-27,WRM-5340202
LSL Auctions,WRM,2026-03-27,20,5340210,,,,440.0,1800.0,4.0909,,Lot Sold,2026-03-27,WRM-5340210
LSL Auctions,WRM,2026-03-27,21,5340217,,,,460.0,1750.0,3.8043,,Lot Sold,2026-03-27,WRM-5340217
LSL Auctions,WRM,2026-03-27,22,5340222,,,,410.0,1550.0,3.7805,,Lot Sold,2026-03-27,WRM-5340222
LSL Auctions,WRM,2026-03-27,25,5340242,,,,495.0,2700.0,5.4545,,Lot Sold,2026-03-27,WRM-5340242
LSL Auctions,WRM,2026-03-27,26,5340254,,,,415.0,2525.0,6.0843,,Lot Sold,2026-03-27,WRM-5340254
LSL Auctions,WRM,2026-03-27,27,5340262,,,,500.0,2900.0,5.8,,Lot Sold,2026-03-27,WRM-5340262
LSL Auctions,WRM,2026-03-27,28,5340270,,,,385.0,2125.0,5.5195,,Lot Sold,2026-03-27,WRM-5340270
LSL Auctions,WRM,2026-03-27,29,5340277,,,,470.0,2675.0,5.6915,,Lot Sold,2026-03-27,WRM-5340277
LSL Auctions,WRM,2026-03-27,30,5340285,,,,450.0,2650.0,5.8889,,Lot Sold,2026-03-27,WRM-5340285
LSL Auctions,WRM,2026-03-27,33,5340292,,,,495.0,1750.0,3.5354,,Lot Sold,2026-03-27,WRM-5340292
LSL Auctions,WRM,2026-03-27,35,5340303,,,,390.0,1675.0,4.2949,,Lot Sold,2026-03-27,WRM-5340303
LSL Auctions,WRM,2026-03-27,36,5340306,,,,465.0,1800.0,3.871,,Lot Sold,2026-03-27,WRM-5340306
